Прізвище,Ім'я,По батькові,Стать,Дата народження,Посада,Місто проживання,Адреса проживання,Телефон,Email
Лубенець,Єва,Ігорівна,Жіноча,11.07.1939,Інженер,хутір Златопіль,"набережна 1-й Академічний тупик, буд. 3 кв. 2",084 608 26 85,ehaivoronska@example.net
Дубина,Святослава,Ігорівна,Жіноча,07.10.1995,Аналітик,селище Переяслав,"набережна Дур'янівський, буд. 07 кв. 9",154 61 70,ihnatnestaiko@example.net
Гавриш,Вікторія,Сергіївна,Жіноча,10.09.1964,Економіст,місто Кривий Ріг,"провулок Лиманчик 2-й Лінія 5-та, буд. 6 кв. 525",+380 47 775 26 57,khmaraviktoriia@example.com
Іванченко,Альбіна,Вікторівна,Жіноча,03.11.1956,Координатор,хутір Острог,"узвіз Назарівська, буд. 0 кв. 5",588-44-35,derhacholha@example.org
Гаврилюк,Олекса,Олександрович,Чоловіча,23.12.1951,HR-менеджер,хутір Довжанськ,"набережна Лінія 48-ма, буд. 60 кв. 330",+380 17 506 50 65,onysymlahoda@example.org
Перепелиця,Алла,Степанівна,Жіноча,19.08.1996,Консультант,село Алчевськ,"площа Іванова Ігоря, буд. 5",+380 07 213-19-97,dzyndraiustyna@example.org
Романенко,Прохір,Анатолійович,Чоловіча,08.12.1962,Юрист,село Авдіївка,"набережна Юннатів, буд. 351",+380 (01) 115-79-57,riaboshapkazynovii@example.net
Бевз,Дмитро,Максимович,Чоловіча,03.04.1992,Юрист,хутір Ірміно,"вулиця Керченський 2-й, буд. 848 кв. 086",022 457 48 63,olifirenkovolodymyra@example.org
Яценюк,Віра,Олегівна,Жіноча,06.08.1993,Менеджер,селище Борщів,"парк Ігоря Балмагії, буд. 4 кв. 427",194 41 86,terezakorsun@example.org
Авдєєнко,Петро,Вікторович,Чоловіча,15.04.1987,Консультант,селище Таврійськ,"узвіз Миколи Вороного, буд. 34 кв. 20",044 441-57-23,roman49@example.org
Василевич,Ірена,Вікторівна,Жіноча,07.07.1944,Керівник відділу,хутір Вишневе,"узвіз Штурвальна, буд. 800 кв. 536",+380 64 001-73-40,alla64@example.org
Дашкевич,Розалія,Іванівна,Жіноча,22.08.1968,Керівник відділу,село Олевськ,"парк Лиманна, буд. 520",093 233-65-59,orysia02@example.net
Демʼянчук,Варвара,Олегівна,Жіноча,25.01.1965,Програміст,місто Судак,"шосе Айвазовського, буд. 581 кв. 5",+380 48 216-97-60,baranihnat@example.com
Юрчишин,Юстим,Ігорович,Чоловіча,18.12.1988,Спеціаліст,селище Луцьк,"узвіз Щоголєва, буд. 42 кв. 184",+380 (83) 059-88-06,mhuz@example.org
Олійник,Руслан,Романович,Чоловіча,07.09.1941,Адміністратор,місто Щастя,"вулиця Сливова, буд. 8",+380 39 775 09 18,hannahaidamaka@example.net
Чарниш,Ярослава,Олегівна,Жіноча,05.01.1989,Консультант,село Яворів,"площа Лиманчик 2-й Лінія 3-тя, буд. 955 кв. 93",+380 89 525-20-72,riatseniuk@example.org
Дахно,Венедикт,Миколайович,Чоловіча,27.10.1961,Юрист,хутір Свалява,"парк Ключовий 1-й, буд. 820 кв. 7",+380 43 332-50-70,chervonenkomarta@example.net
Кармалюк,Григорій,Олександрович,Чоловіча,11.06.1984,Інженер,місто Арциз,"шосе Слобідський узвіз, буд. 85 кв. 692",000-42-11,bohuslavashmorhun@example.org
Дубенко,Ольга,Ігорівна,Жіноча,05.05.2005,Маркетолог,село Южноукраїнськ,"набережна Гвоздична, буд. 5",183-76-61,terezalaba@example.net
Шахрай,Демʼян,Максимович,Чоловіча,10.06.1984,Аналітик,селище Жашків,"вулиця Євгена Крамаренка, буд. 07 кв. 114",+380 10 797-15-59,nataliia11@example.com
Худяк,Михайло,Богданович,Чоловіча,25.12.1976,Економіст,місто Бахмут,"проспект Морський, буд. 64",+380 (09) 442-41-31,stefantychyna@example.com
Гайворонський,Левко,Степанович,Чоловіча,08.10.1989,Програміст,село Чигирин,"вулиця Спортивний, буд. 10",+380 60 053-53-60,wumanets@example.com
Рудько,Григорій,Олександрович,Чоловіча,24.09.1999,Бухгалтер,селище Любомль,"узвіз Миколи Леонтовича, буд. 4",+380 84 055-81-09,feofan09@example.net
Павлик,Тереза,Василівна,Жіноча,20.07.1993,Програміст,хутір Керч,"набережна Ніщинського Композитора, буд. 87",045 364 49 19,geregaklyment@example.net
Шамрай,Аврелій,Олегович,Чоловіча,05.01.1988,Аналітик,селище Мукачево,"вулиця Дальницьке, буд. 87",015 325-56-57,wdemianiuk@example.com
Бабак,Богодар,Анатолійович,Чоловіча,29.10.1983,Дизайнер,селище Борислав,"проспект Давида Ойстраха, буд. 492 кв. 2",059 449 02 59,somkosviatoslav@example.org
Даниленко,Ада,Григорівна,Жіноча,28.01.1978,HR-менеджер,селище Тернопіль,"сквер 8-ма Лінія 6-й ст. Люстдорфської дороги, буд. 21 кв. 1",091 739 21 20,marta27@example.org
Ященко,Ігнат,Андрійович,Чоловіча,11.12.1979,Менеджер,місто Городенка,"вулиця Кримська, буд. 773",591 23 88,yskopenko@example.net
Парасюк,Трохим,Іванович,Чоловіча,09.12.2005,Аналітик,село Арциз,"узвіз Іони Отаманського, буд. 47",652 58 18,mariiaovsiienko@example.org
Архипенко,Зорян,Вікторович,Чоловіча,25.04.1991,Аналітик,село Ніжин,"шосе Шостої 2-й, буд. 8",465-58-00,bdakhno@example.net
Сагаль,Гордій,Григорович,Чоловіча,13.12.1999,Економіст,хутір Вараш,"вулиця Студентський 3-й, буд. 42",064 651-22-13,zorian90@example.com
Дзиндра,Аркадій,Михайлович,Чоловіча,21.02.1954,Аналітик,місто Почаїв,"площа Мала Арнаутська, буд. 650 кв. 38",+380 58 533 11 63,ielysei89@example.com
Захаренко,Валентина,Ігорівна,Жіноча,31.08.1963,Менеджер,місто Сіверськ,"набережна Ігоря Балмагії, буд. 5",008 512 87 18,pderevianko@example.net
Зінченко,Панас,Дмитрович,Чоловіча,26.12.1957,Програміст,село Теплодар,"площа Лазурний 1-й, буд. 12",043 760-17-83,daniukhymenko@example.net
Дашкевич,Пріска,Іванівна,Жіноча,12.10.1959,Інженер,селище Верхньодніпровськ,"узвіз Східний 2-й, буд. 6 кв. 6",487-50-10,khomaderkach@example.com
Примаченко,Панас,Михайлович,Чоловіча,28.12.1942,Економіст,місто Покров,"проспект Чернишевського, буд. 38",+380 (87) 346-54-29,ykashchenko@example.org
Венгринович,Богуслав,Олегович,Чоловіча,19.03.1996,Координатор,хутір Овруч,"шосе Базарна, буд. 8 кв. 9",+380 16 238-41-60,zakhartovstolis@example.net
Батуринець,Захар,Іванович,Чоловіча,28.03.2006,Програміст,селище Костянтинівка,"вулиця Івана Микитенка, буд. 896",078 097-39-79,chabanstanislav@example.net
Терещук,Богуслава,Анатоліївна,Жіноча,08.04.1985,Юрист,село Хуст,"провулок Лінія 29-та, буд. 260 кв. 292",166-71-46,zsheremeta@example.org
Конопленко,Костянтин,Васильович,Чоловіча,03.07.1969,Координатор,місто Чуднів,"провулок Сливовий, буд. 707",745 88 51,alina91@example.net
Кабаненко,Орися,Дмитрівна,Жіноча,08.09.1989,Спеціаліст,селище Сімферополь,"вулиця Миколи Огренича, буд. 30 кв. 130",086 346-45-76,korpaniukpanas@example.org
Гаврилишин,Святослава,Андріївна,Жіноча,24.02.1977,Бухгалтер,хутір Бобровиця,"площа Ракетна, буд. 83 кв. 96",182-68-84,hkylymnyk@example.net
Москаль,Іван,Олександрович,Чоловіча,10.06.1948,Консультант,місто Мерефа,"набережна Ліверпульський, буд. 21 кв. 1",+380 50 206-08-56,lshtokalo@example.net
Дробʼязко,Ірина,Олександрівна,Жіноча,18.08.1990,Програміст,селище Старокостянтинів,"вулиця Стрийський, буд. 874 кв. 828",+380 (44) 239-77-82,tshcherbak@example.com
Андрейко,Варфоломій,Ігорович,Чоловіча,06.07.2000,Дизайнер,село Валки,"сквер Генуезька, буд. 252",173 79 63,vdovychenkomykhailyna@example.com
Гоголь-Яновський,Олександр,Анатолійович,Чоловіча,21.01.1947,Інженер,село Жидачів,"проспект Пішонівська, буд. 511",+380 32 179 80 52,usahal@example.org
Цісик,Вадим,Степанович,Чоловіча,26.08.1974,Спеціаліст,хутір Баранівка,"сквер Композитора Вербицького, буд. 4",+380 50 462 68 41,babenkoiefrem@example.org
Яремків,Богуслав,Дмитрович,Чоловіча,28.10.1949,Юрист,село Тернівка,"проспект Хімічний 3-й, буд. 828 кв. 77",+380 07 207-74-09,simashkevychvadym@example.org
Удовенко,Георгій,Олександрович,Чоловіча,25.04.1962,Аналітик,хутір Іловайськ,"провулок Луганська, буд. 937",+380 (56) 250-35-47,frants99@example.com
Уманець,Ілля,Максимович,Чоловіча,31.05.2009,HR-менеджер,місто Бердичів,"вулиця Лінія 22-га, буд. 214 кв. 351",+380 36 186-48-93,kostiantynverkhovynets@example.com
Дзиндра,Ігор,Андрійович,Чоловіча,30.09.1979,Спеціаліст,селище Зіньків,"шосе Аркадійська, буд. 32",+380 22 328-28-40,illiaopanasenko@example.net
Каденюк,Мирон,Григорович,Чоловіча,27.03.2001,Консультант,місто Ромни,"вулиця Лютневий 2-й, буд. 192",+380 (80) 549-76-32,ypalii@example.net
Іванченко,Олесь,Миколайович,Чоловіча,30.09.2004,HR-менеджер,місто Докучаєвськ,"набережна Аеродромний 2-й, буд. 88 кв. 198",038 584 10 73,sshylo@example.net
Габелко,Ганна,Вікторівна,Жіноча,30.09.1968,Інженер,місто Вашківці,"набережна Зелений, буд. 5 кв. 7",584-45-80,iefrem82@example.com
Назаренко,Анастасія,Олександрівна,Жіноча,07.07.1982,Аналітик,село Апостолове,"узвіз Пересипська 4-та, буд. 01 кв. 26",+380 54 255-21-71,rvasylashko@example.com
Шинкаренко,Мирон,Сергійович,Чоловіча,09.05.1948,Спеціаліст,хутір Сквира,"набережна Офіцерська, буд. 83",043 669-06-16,irenamakarenko@example.org
Дурдинець,Ярема,Сергійович,Чоловіча,05.11.2004,Маркетолог,місто Сімферополь,"шосе Академічна, буд. 635 кв. 26",036 026-43-98,baranykavhustyn@example.net
Вишняк,Федір,Володимирович,Чоловіча,16.01.1956,Консультант,хутір Путивль,"площа Кондрашина, буд. 7",+380 (05) 460-98-92,vadym87@example.org
Товстоліс,Хома,Олександрович,Чоловіча,25.02.2008,Інженер,село Кипуче,"вулиця 19-й км Старокиївської дороги, буд. 90",+380 50 762 79 50,vdovychenkoemiliia@example.com
Зубко,Людмила,Максимівна,Жіноча,05.06.1955,Маркетолог,село Прип'ять,"провулок Бориса Едуардса, буд. 746",+380 (93) 697-88-00,tumanets@example.net
Луценко,Дарина,Романівна,Жіноча,05.03.1984,Менеджер,село Свалява,"сквер Богдана Хмельницького, буд. 0 кв. 3",+380 77 000-95-04,solomiiarubets@example.org
Мазепа,Герман,Анатолійович,Чоловіча,10.01.1983,Менеджер,селище Жмеринка,"парк 6-та Лінія Марії Демченко, буд. 4 кв. 735",+380 87 887-60-92,mykhailynaisaienko@example.org
Євтушок,Розалія,Романівна,Жіноча,18.06.1970,Економіст,місто Середина-Буда,"проспект Донорська, буд. 796 кв. 2",+380 69 262-86-35,orkhypdrobakha@example.net
Супруненко,Світлана,Вікторівна,Жіноча,27.12.1971,Спеціаліст,хутір Помічна,"провулок Дур'янівський, буд. 16 кв. 3",+380 09 867-34-88,iaryna87@example.org
Семенченко,Любов,Степанівна,Жіноча,18.10.1942,Економіст,хутір Золочів,"провулок Савранська, буд. 26",502 30 66,iaroslavkhrystych@example.net
Ващенко-Захарченко,Андрій,Васильович,Чоловіча,31.08.1999,Консультант,хутір Перевальськ,"парк Нечипуренка, буд. 401",635-02-21,vertyporokhvadym@example.net
Терещенко,Леонід,Миколайович,Чоловіча,23.01.1968,Програміст,місто Хорол,"провулок Нескучна, буд. 353 кв. 760",645 22 46,kybkaloerika@example.com
Юрченко,Альбіна,Григорівна,Жіноча,20.05.1979,Керівник відділу,село Васильків,"набережна Шкільний аеродром, буд. 08 кв. 2",781-26-05,mykhailyna98@example.net
Романчук,Ярина,Дмитрівна,Жіноча,14.07.1993,Спеціаліст,селище Нове Давидково,"парк Колекційна, буд. 644 кв. 0",730 44 21,orkhyp05@example.com
Бабиченко,Данна,Юріївна,Жіноча,24.09.1966,Консультант,село Гайсин,"вулиця Михайла Слабченка, буд. 611 кв. 68",006 899-14-41,aaronavramchuk@example.org
Василевич,Леонід,Іванович,Чоловіча,31.10.1944,Бухгалтер,селище Сквира,"сквер Лузанівський, буд. 993",+380 23 603 10 75,priskamamchur@example.com
Талан,Анжела,Степанівна,Жіноча,11.01.1996,Координатор,село Баштанка,"площа Кінна, буд. 5 кв. 3",+380 (96) 692-52-05,hisaienko@example.net
Удовиченко,Валерій,Анатолійович,Чоловіча,14.07.1996,Маркетолог,селище Вугледар,"площа Ольги Благовидової, буд. 6",298 90 49,gaverchenko@example.org
Романець,Клавдія,Володимирівна,Жіноча,23.01.1957,HR-менеджер,хутір Яготин,"сквер Змієнка Всеволода, буд. 325 кв. 3",+380 55 088-78-75,terezadutka@example.com
Овчаренко,Христина,Михайлівна,Жіноча,22.05.1990,Бухгалтер,село Саки,"шосе Фабрична, буд. 8 кв. 8",+380 (08) 535-19-51,wpavlyk@example.org
Їжакевич,Захар,Петрович,Чоловіча,11.02.1966,Аналітик,хутір Новоселиця,"набережна Москеті, буд. 204",+380 68 114-14-40,osatsiuk@example.org
Уманець,Надія,Ігорівна,Жіноча,27.04.2006,Економіст,селище Апостолове,"сквер Івана Микитенка, буд. 7",520-13-06,hannasych@example.org
Талан,Ігнат,Степанович,Чоловіча,12.10.1995,Координатор,селище Батурин,"набережна Обільний 2-й, буд. 96 кв. 7",371 88 26,datsiukdavyd@example.com
Ісаєвич,Алла,Романівна,Жіноча,09.01.1940,HR-менеджер,село Ланівці,"узвіз Єфімова, буд. 85",+380 85 691 82 20,ariabchenko@example.com
Євтушенко,Левко,Дмитрович,Чоловіча,22.06.2007,HR-менеджер,селище Ямпіль,"проспект Шухевича Романа, буд. 109",583 15 03,ariabovil@example.org
Жаліло,Едуард,Дмитрович,Чоловіча,21.08.2005,Дизайнер,селище Горлівка,"вулиця Мигдальна, буд. 23",411 69 17,orysiamazur@example.org
Артимишин,Дан,Романович,Чоловіча,13.05.1981,Дизайнер,місто Бобровиця,"шосе Скляний 3-й, буд. 5 кв. 9",026 733 22 19,xhunko@example.net
Овсієнко,Святослав,Андрійович,Чоловіча,18.05.1976,HR-менеджер,село Київ,"провулок Усатівська, буд. 8",760 68 91,tetianashmorhun@example.org
Ємець,Ліза,Андріївна,Жіноча,17.06.1998,Дизайнер,село Пустомити,"узвіз Басейний 2-й, буд. 2",+380 80 257-12-01,lbazavluchenko@example.net
Коваленко,Валентина,Миколаївна,Жіноча,05.04.1942,Координатор,хутір Нове Давидково,"шосе Французький, буд. 21 кв. 6",259-76-23,alina08@example.org
Ільченко,Ярослава,Іванівна,Жіноча,27.07.1946,Консультант,селище Решетилівка,"шосе Василя Капніста, буд. 3",873-59-51,lruban@example.com
Іщенко,Демид,Дмитрович,Чоловіча,10.12.1948,Консультант,місто Кальміуське,"вулиця Юрія Яновського, буд. 22 кв. 17",043 315-32-12,abevzenko@example.com
Тригуб,Руслан,Андрійович,Чоловіча,26.05.1969,Керівник відділу,село Херсон,"узвіз Барвінковий, буд. 839",028 362 59 62,dankoleonid@example.com
Іщак,Йосип,Володимирович,Чоловіча,24.08.1940,Консультант,хутір Миронівка,"провулок Ключовий 1-й, буд. 696 кв. 8",+380 39 258-92-50,edytaatamanchuk@example.org
Бабак,Ярина,Степанівна,Жіноча,21.01.1951,Бухгалтер,село Путивль,"набережна Горбиста, буд. 82 кв. 49",+380 60 277-49-51,alinachumachenko@example.org
Ковпак,Оксана,Олександрівна,Жіноча,21.08.1987,Бухгалтер,місто Мукачево,"вулиця Балтський 2-й, буд. 0 кв. 087",931-13-57,galagandemian@example.net
Щербань,Богданна,Ігорівна,Жіноча,30.11.1940,Юрист,місто Суми,"вулиця Авіаторів, буд. 8 кв. 811",021 353 79 96,okhrim27@example.net
Худобʼяк,Ігнат,Максимович,Чоловіча,28.04.1961,Менеджер,місто Тростянець,"вулиця Восьмого Березня Лінія 1-ша, буд. 90 кв. 103",+380 53 495 14 19,mpalii@example.org
Акименко,Павло,Дмитрович,Чоловіча,12.12.2007,Адміністратор,селище Сіверськ,"проспект Миколаївський 1-й, буд. 53 кв. 0",+380 54 153 66 98,vhaidabura@example.org
Ющенко,Ростислав,Вікторович,Чоловіча,30.10.2009,Консультант,селище Сіверськодонецьк,"набережна Сміливий, буд. 567",799 30 46,prykhodkoklyment@example.org
Литвин,Софія,Андріївна,Жіноча,08.12.1961,Бухгалтер,місто Узин,"набережна Училищна, буд. 1 кв. 3",046 886-30-15,ogoliash@example.com
Оберемко,Тимофій,Іванович,Чоловіча,24.08.2001,Економіст,місто Білогірськ,"проспект Майка Йогансена, буд. 597 кв. 96",+380 09 534-50-32,feofan35@example.com
Баранник,Демид,Богданович,Чоловіча,28.12.1944,Юрист,селище Жовті Води,"вулиця Миколи Леонтовича, буд. 554",+380 (19) 236-03-17,odarkaverhun@example.org
Бабиченко,Богодар,Петрович,Чоловіча,26.05.1973,Інженер,місто Володимир-Волинський,"провулок Кутова, буд. 561 кв. 8",+380 72 350-06-23,darahanparmen@example.org
Бабій,Мирослав,Максимович,Чоловіча,15.05.1985,Керівник відділу,селище Дружківка,"сквер Корнюшина, буд. 7 кв. 86",+380 (01) 424-82-70,irena98@example.com
Баран,Венедикт,Андрійович,Чоловіча,06.10.2001,Спеціаліст,селище Чистякове,"проспект Литовська, буд. 3 кв. 349",+380 88 367 69 30,anitasirko@example.org
Царенко,Миколай,Михайлович,Чоловіча,21.08.2001,Юрист,селище Хрустальний,"набережна Багрицького, буд. 39 кв. 66",397 67 13,martynderiazhnyi@example.com
Павличенко,Юстина,Олександрівна,Жіноча,18.06.1981,Інженер,місто Добропілля,"вулиця Евлії Челебі, буд. 3 кв. 3",079 580 62 50,artymovychbohodar@example.net
Рубан,Аркадій,Романович,Чоловіча,04.02.1983,HR-менеджер,селище Білогірськ,"парк Вузький, буд. 4 кв. 1",+380 58 636-57-81,ysomko@example.net
Гайда,Орест,Миколайович,Чоловіча,24.09.2000,Інженер,село Біляївка,"шосе Шефська, буд. 5",255 38 08,olenahavriushenko@example.org
Притула,Артем,Ігорович,Чоловіча,10.07.2003,Дизайнер,хутір Одеса,"провулок Жолкова Бориса, буд. 145 кв. 51",+380 08 136-75-38,tereshchenkoirena@example.net
Артюшенко,Іван,Васильович,Чоловіча,24.03.1985,Дизайнер,селище Кальміуське,"шосе Профспілкова, буд. 36",+380 98 149-24-75,babychadam@example.com
Кармалюк,Ліза,Степанівна,Жіноча,14.07.1944,Адміністратор,місто Решетилівка,"проспект Ямчитського, буд. 24 кв. 73",+380 (45) 213-41-84,bhydenkoveniiamyn@example.org
Дахно,Теодор,Ігорович,Чоловіча,05.07.1999,Бухгалтер,село Зеленодольськ,"провулок Наливна, буд. 687 кв. 8",+380 21 845-27-83,babiichuksnizhana@example.org
Тимчук,Соломон,Сергійович,Чоловіча,14.03.1996,Інженер,село Моршин,"проспект Ніли Крюкової, буд. 7",544-99-97,gromanchuk@example.com
Ажажа,Тереза,Михайлівна,Жіноча,12.06.1944,Керівник відділу,село Рогатин,"площа Світанку, буд. 38 кв. 2",050 041-29-57,saienkoiarema@example.org
Саченко,Любов,Максимівна,Жіноча,27.06.1992,Дизайнер,хутір Судова Вишня,"провулок Кипарисний 3-й, буд. 0 кв. 804",+380 49 161 65 74,batihsvitlana@example.org
Чуприна,Герман,Вікторович,Чоловіча,07.01.1995,HR-менеджер,селище Вашківці,"шосе Надії Пучковської, буд. 419",+380 38 763-79-60,iaroslavdatsenko@example.org
Хорішко,Єлисавета,Богданівна,Жіноча,14.07.1994,Маркетолог,місто Березівка,"набережна Крижанівський, буд. 262 кв. 98",938 17 24,ponyshchenko@example.net
Юрчишина,Ірена,Богданівна,Жіноча,21.01.2001,Менеджер,село Василівка,"сквер Скляний 3-й, буд. 150",+380 11 487 11 57,olena21@example.net
Баштан,Маруся,Максимівна,Жіноча,30.05.2002,Спеціаліст,село Комарно,"площа Рівності, буд. 21",+380 (75) 172-95-26,sviatoslavabaidak@example.net
Шинкаренко,Омелян,Олегович,Чоловіча,09.03.1944,HR-менеджер,хутір Підгородне,"сквер Лінія 54-та, буд. 5 кв. 76",048 421 52 74,khrystenkosolomiia@example.com
Цюцюра,Людмила,Дмитрівна,Жіноча,24.02.1980,Інженер,село Дніпрорудне,"провулок Андреєвського, буд. 6",+380 71 163-12-59,emiliiakarpenko@example.org
Тарасенко,Артем,Степанович,Чоловіча,11.01.1962,Економіст,місто Перемишляни,"площа Курортний, буд. 23",041 548 84 54,valentynhaidabura@example.net
Данько,Тарас,Вікторович,Чоловіча,04.08.1963,Маркетолог,село Решетилівка,"шосе Шкіперська, буд. 4 кв. 893",081 876 35 01,dankoruslan@example.net
Александренко,Артем,Максимович,Чоловіча,01.09.2007,Маркетолог,місто Галич,"проспект Леопольда Ященка, буд. 237",135 93 14,veniiamyn79@example.org
Охримович,Ганна,Дмитрівна,Жіноча,14.05.1994,Бухгалтер,хутір Судова Вишня,"площа Іспанська, буд. 3",+380 03 818 18 30,oleksa21@example.com
Каденюк,Степан,Григорович,Чоловіча,22.01.1995,Адміністратор,село Шостка,"узвіз Тещин міст, буд. 188 кв. 5",+380 (37) 118-38-63,iaroslavilchenko@example.net
Коваленко,Симон,Андрійович,Чоловіча,31.03.2005,Спеціаліст,місто Перечин,"шосе Сегедська, буд. 8 кв. 287",246-72-52,danylchukokseniia@example.com
Скорик,Йосип,Ігорович,Чоловіча,08.07.1940,Координатор,хутір Яремче,"провулок Павла Вірського, буд. 58 кв. 35",+380 22 256-59-61,ekozak@example.com
Міщенко,Ярема,Вікторович,Чоловіча,25.05.1981,HR-менеджер,село Буринь,"сквер Кафедральна, буд. 63 кв. 20",027 088-93-31,cherinkoleon@example.net
Ейбоженко,Максим,Миколайович,Чоловіча,03.06.1972,Координатор,село Дружківка,"сквер Артезіанська, буд. 26 кв. 0",+380 23 161 42 67,mzinchuk@example.com
Фартушняк,Устим,Анатолійович,Чоловіча,16.06.2000,Менеджер,місто Звенигородка,"площа Ялинкова, буд. 6 кв. 3",+380 (25) 157-31-29,aoberemko@example.org
Чайка,Розалія,Дмитрівна,Жіноча,24.01.1960,Програміст,хутір Старобільськ,"набережна Бузковий, буд. 884 кв. 028",+380 65 538-65-99,vartymovych@example.org
Фурс,Богодар,Юрійович,Чоловіча,09.10.1941,Економіст,село Міусинськ,"узвіз Академіка Філатова, буд. 570",+380 29 674-32-65,alina16@example.net
Кабаненко,Сніжана,Андріївна,Жіноча,01.01.1981,Маркетолог,хутір Бахмач,"площа Лінія 49-та, буд. 786",536-02-89,iukhymkhmara@example.net
Лубенець,Євген,Юрійович,Чоловіча,19.02.1996,Менеджер,селище Нововолинськ,"узвіз Лиманчик 2-й Лінія 4-та, буд. 01 кв. 2",023 038 53 07,oleksashylo@example.net
Забашта,Надія,Вікторівна,Жіноча,15.02.1955,Керівник відділу,село Миронівка,"узвіз Князя Володимира Великого , буд. 6",002 213-66-93,irynashmorhun@example.com
Худяк,Леонтій,Петрович,Чоловіча,30.03.1975,Координатор,село Бахмач,"вулиця Дев’ята, буд. 84",054 213-13-65,pavramenko@example.net
Данько,Демид,Юрійович,Чоловіча,06.03.1949,Керівник відділу,село Кременчук,"набережна Історія Футболу, буд. 807",+380 14 730-75-07,cherinkohlib@example.com
Фурс,Лілія,Сергіївна,Жіноча,22.09.1963,Маркетолог,село Андрушівка,"вулиця Наявний 7-й, буд. 0",+380 28 914-06-02,semen67@example.org
Бандера,Єва,Михайлівна,Жіноча,30.10.1941,Спеціаліст,село Герца,"провулок Банний, буд. 90 кв. 4",+380 30 453 18 87,alla93@example.org
Гоголь-Яновський,Макар,Вікторович,Чоловіча,02.01.1958,HR-менеджер,село Калинівка,"шосе Марка Крейна, буд. 8",+380 (41) 392-24-03,khohol@example.net
Андрощук,Дарина,Дмитрівна,Жіноча,14.12.1974,Маркетолог,місто Вознесенськ,"набережна Госпітальний, буд. 7 кв. 66",001 387 94 16,qiesypenko@example.com
Якимчук,Роксолана,Олександрівна,Жіноча,19.07.1998,Інженер,село Чугуїв,"площа Лінія 33-тя, буд. 96 кв. 600",015-91-63,gverkhovynets@example.net
Іщак,Аніта,Олександрівна,Жіноча,08.09.1940,Бухгалтер,село Гребінка,"площа Слави, буд. 0",865 67 53,bandurahanna@example.org
Рябченко,Роман,Романович,Чоловіча,18.01.2003,HR-менеджер,село Лебедин,"проспект Пляжна, буд. 0",063 616-75-04,ookhrimenko@example.com
Василашко,Віталій,Вікторович,Чоловіча,04.03.1999,Інженер,село Калинівка,"вулиця Осіння, буд. 8 кв. 475",+380 78 043-21-41,aaron82@example.net
Асаула,Лілія,Ігорівна,Жіноча,05.12.1957,Юрист,хутір Довжанськ,"провулок Василя Кричевського, буд. 6 кв. 821",351-25-49,handriishyna@example.net
Корсун,Аврелій,Сергійович,Чоловіча,02.02.1971,Економіст,місто Жидачів,"сквер Буковинська, буд. 81",406-72-31,maksym15@example.org
Комар,Ада,Миколаївна,Жіноча,28.10.2007,Юрист,село Білогірськ,"проспект Курортний 6-й, буд. 291",543-14-30,bohuslavandriiovych@example.net
Рубан,Давид,Анатолійович,Чоловіча,17.09.1984,Маркетолог,хутір Чигирин,"площа Артилерійська, буд. 85",+380 52 916-65-45,oleharkhypenko@example.net
Батіг,Володимира,Степанівна,Жіноча,12.01.1983,Дизайнер,селище Чугуїв,"парк Дунайська, буд. 7 кв. 584",+380 37 961-09-59,alinakolesnychenko@example.org
Стельмах,Кирило,Ігорович,Чоловіча,26.05.2003,Керівник відділу,село Костопіль,"шосе Капітана Гаврікова, буд. 0 кв. 9",+380 (04) 185-13-11,bdakhno@example.net
Вобла,Надія,Степанівна,Жіноча,24.09.1964,Керівник відділу,селище Яворів,"проспект Польський узвіз, буд. 54",057 381-45-19,gsemenchenko@example.net
Андрейко,Алевтин,Юрійович,Чоловіча,12.10.1987,Маркетолог,селище Дубровиця,"набережна 2-га Лінія 4-ї ст. Люстдорфської дороги, буд. 56",+380 21 355-74-67,teodor63@example.net
Олійник,Олег,Григорович,Чоловіча,04.09.1988,Інженер,хутір Самар,"узвіз Павлова, буд. 955 кв. 012",+380 53 346-92-64,ztsushko@example.com
Франчук,Веніямин,Анатолійович,Чоловіча,13.08.1971,Бухгалтер,село Буринь,"шосе Маршрутна, буд. 262 кв. 34",+380 16 858-58-57,illiaromanets@example.net
Адаменко,Болеслав,Григорович,Чоловіча,19.07.2004,Координатор,місто Белз,"провулок Шкільний, буд. 729 кв. 276",005 152-67-67,bzasukha@example.net
Височан,Вадим,Анатолійович,Чоловіча,07.08.2008,Інженер,хутір Джанкой,"набережна Болградська, буд. 435 кв. 00",+380 24 587 66 88,martavashchuk@example.net
Уманець,Емілія,Вікторівна,Жіноча,14.07.1991,Економіст,хутір Полонне,"сквер Новопланівська, буд. 78",+380 95 037 33 57,liza62@example.org
Полтавець,Миколай,Максимович,Чоловіча,21.06.1968,Економіст,хутір Рудки,"набережна Івана Вазова, буд. 00",004 413 89 39,halynavasylenko@example.org
Дейнека,Аркадій,Максимович,Чоловіча,02.01.1984,Інженер,місто Білозерське,"узвіз Соляний 7-й, буд. 08 кв. 0",869-21-76,udovychenkonataliia@example.org
Захарченко,Олександр,Миколайович,Чоловіча,23.08.1983,Інженер,селище Теребовля,"провулок Балтський 7-й, буд. 26",+380 32 081 05 93,serhiizinchuk@example.com
Величко,Петро,Петрович,Чоловіча,13.03.1989,Координатор,місто Буринь,"проспект Лінія 50-та, буд. 640 кв. 3",056 701-49-71,volodymyr64@example.org
Жадан,Франц,Максимович,Чоловіча,11.09.2003,Керівник відділу,місто Самар,"проспект Соборна, буд. 39 кв. 5",+380 02 168 53 02,violettasavenko@example.com
Голик,Олександр,Дмитрович,Чоловіча,14.05.2008,Спеціаліст,село Кіцмань,"шосе Лігінська, буд. 52 кв. 543",569 77 57,ashylo@example.net
Єресько,Яків,Вікторович,Чоловіча,11.04.1953,Програміст,селище Ніжин,"шосе Байкал тупик, буд. 47",861 44 90,simashkevychhryhorii@example.net
Романець,Віктор,Максимович,Чоловіча,26.10.1982,Керівник відділу,селище Южне,"провулок Лінія 22-га, буд. 84 кв. 50",+380 (46) 366-68-20,kamilla13@example.net
Копитко,Михайло,Володимирович,Чоловіча,12.02.1943,Дизайнер,місто Ялта,"площа Полуничний, буд. 0",+380 (54) 097-36-29,ddashkevych@example.net
Тиха,Богуслава,Петрівна,Жіноча,17.02.1963,Дизайнер,село Устилуг,"провулок Стамбульський, буд. 9 кв. 30",067 724 83 65,khrystynazharko@example.net
Деряжна,Ірена,Вікторівна,Жіноча,27.07.2008,Дизайнер,селище Мала Виска,"узвіз Пироговський, буд. 7",+380 81 015-54-99,rozaliiastets@example.net
Артимишин,Еріка,Максимівна,Жіноча,24.08.1979,Керівник відділу,село Хуст,"провулок Чорноморська, буд. 8",+380 49 866 37 71,ruslanhunko@example.com
Атаманчук,Тетяна,Іванівна,Жіноча,15.11.1978,Консультант,селище Погребище,"провулок Артура Савельєва, буд. 119",+380 35 270-56-86,okorsun@example.net
Величко,Нестор,Іванович,Чоловіча,29.01.2003,Координатор,хутір Чуднів,"набережна Мусіна, буд. 659 кв. 1",+380 19 127 54 05,haidamakaprokhir@example.org
Василенко,Юстим,Васильович,Чоловіча,17.06.1979,HR-менеджер,хутір Бровари,"вулиця Бориса Нечерди, буд. 7 кв. 3",+380 (84) 110-82-48,xdanko@example.com
Годунок,Яків,Дмитрович,Чоловіча,18.12.1981,Програміст,селище Камінь-Каширський,"узвіз Медовий, буд. 54",+380 85 772 82 75,tmykytiuk@example.net
Рудько,Костянтин,Вікторович,Чоловіча,04.02.1987,Менеджер,хутір Севастополь,"узвіз Ватманський, буд. 12 кв. 92",+380 03 877 10 10,iemetsvioletta@example.org
Базавлученко,Анжела,Сергіївна,Жіноча,23.12.1996,Аналітик,місто Овруч,"вулиця Шевченка, буд. 7",+380 43 310-41-11,orysia81@example.org
Засуха,Трохим,Андрійович,Чоловіча,14.06.1939,Інженер,місто Хутір-Михайлівський,"узвіз Лінійна, буд. 072 кв. 2",+380 28 128-08-31,qzaichenko@example.org
Алексюк,Данило,Іванович,Чоловіча,06.05.1966,Координатор,селище Кременець,"площа Госпітальний, буд. 084 кв. 7",+380 60 745-28-20,rlevchenko@example.org
Тимчук,Мартин,Володимирович,Чоловіча,03.05.1959,Інженер,село Федорівка,"проспект Сінна, буд. 415",+380 43 732-78-38,rozaliia68@example.com
Баран,Йосип,Андрійович,Чоловіча,03.08.1989,Адміністратор,хутір Ізмаїл,"шосе Ланжеронівський узвіз, буд. 7",+380 91 116 23 07,lskyrda@example.org
Ґалаґан,Леон,Максимович,Чоловіча,06.12.1940,Консультант,хутір Семенівка,"узвіз Деревообробний 5-й, буд. 517 кв. 669",+380 32 004-38-15,tvasylevych@example.org
Хмара,Павло,Максимович,Чоловіча,16.07.1949,Аналітик,місто Ясинувата,"сквер Майстерний, буд. 635",856 72 45,tkachenkoazar@example.com
Кальченко,Костянтин,Володимирович,Чоловіча,05.07.1989,Юрист,селище Золочів,"вулиця Лінія 27-ма, буд. 7 кв. 972",+380 85 994-63-48,tsymbaliukserhii@example.org
Бабій,Роман,Юрійович,Чоловіча,14.01.2006,Програміст,село Вознесенськ,"провулок Прохоровська, буд. 3 кв. 8",+380 46 938-89-43,rkorsun@example.com
Дутка,Станіслав,Максимович,Чоловіча,14.07.1988,Консультант,місто Тульчин,"шосе Ніни Строкатої, буд. 46 кв. 16",440 07 42,sishchenko@example.com
Гаврилишина,Михайлина,Богданівна,Жіноча,16.11.1966,Адміністратор,село Приморськ,"парк Лиманний, буд. 15",042 230-23-88,ruslanfareniuk@example.net
Дубас,Марко,Петрович,Чоловіча,20.02.1942,Програміст,хутір Карлівка,"набережна Богдана Хмельницького, буд. 934 кв. 254",496 01 88,banderavioletta@example.org
Олійник,Данна,Дмитрівна,Жіноча,07.05.1947,Спеціаліст,місто Буринь,"проспект Лінія 38-ма, буд. 439 кв. 65",785-76-31,nierchenko@example.org
Гайда,Марʼяна,Володимирівна,Жіноча,06.11.2009,Координатор,хутір Тараща,"проспект Героїв Зміїного, буд. 9 кв. 51",+380 33 000 20 24,hishchenko@example.net
Захарченко,Пріска,Петрівна,Жіноча,26.10.1991,Інженер,село Алупка,"вулиця Головна, буд. 12",+380 79 205 71 46,erika65@example.com
Гавриленко,Євген,Андрійович,Чоловіча,03.07.1977,Аналітик,хутір Борзна,"узвіз Радісна, буд. 660",+380 02 112-64-64,kovaliukstepan@example.com
Гайда,Ірина,Ігорівна,Жіноча,26.02.1946,Інженер,селище Калинівка,"площа Сергія Уточкіна, буд. 956",+380 64 184-83-30,hfastenko@example.com
Гайденко,Данна,Михайлівна,Жіноча,15.11.1984,Адміністратор,село Корець,"узвіз Педагогічна, буд. 48 кв. 40",+380 (47) 138-19-91,svitlanafurs@example.net
Ірванець,Орина,Іванівна,Жіноча,25.11.1985,Спеціаліст,селище Ніжин,"площа Обсерваторний, буд. 365 кв. 454",+380 97 716 23 20,tsymbalherman@example.com
Сич,Аліна,Степанівна,Жіноча,15.06.1967,Менеджер,селище Вашківці,"провулок Санаторний, буд. 999",070 433 42 98,fmazepa@example.com
Жаліло,Віолетта,Вікторівна,Жіноча,04.10.1940,Аналітик,селище Зугрес,"шосе Миколи Вороного, буд. 636",069 196 16 22,nazhazha@example.net
Христенко,Зорян,Ігорович,Чоловіча,25.11.1975,Дизайнер,селище Отаманівка,"узвіз Лінія 24-та, буд. 905",+380 (18) 213-83-56,bohdanrak@example.net
Бакуменко,Олександр,Максимович,Чоловіча,02.10.1957,Програміст,село Старий Самбір,"провулок Геологічна, буд. 325",+380 (64) 576-57-22,liubov39@example.com
Балабан,Вʼячеслав,Григорович,Чоловіча,01.05.1994,Менеджер,селище Новий Калинів,"вулиця Олександра Кошиця, буд. 83 кв. 865",+380 57 161-35-41,ivan35@example.org
Єрошенко,Пантелеймон,Васильович,Чоловіча,13.01.2008,Маркетолог,місто Здолбунів,"проспект Ліверпульський, буд. 675 кв. 66",+380 29 449-47-64,kamillahavryshkevych@example.net
Філіпенко,Остап,Іванович,Чоловіча,01.10.1969,Економіст,хутір Турка,"парк Володимира Хавкіна, буд. 260",+380 33 231 59 04,deinekakamilla@example.net
Гаврилець,Іван,Олегович,Чоловіча,23.02.1961,Програміст,хутір Армянськ,"сквер Горбиста, буд. 8 кв. 0",+380 32 010-38-30,avreliigoliash@example.com
Ященко,Демид,Петрович,Чоловіча,04.07.1942,Адміністратор,хутір Фастів,"парк Джерельна, буд. 42 кв. 77",050 600-91-51,izhakmyroslav@example.com
Лукаш,Азар,Анатолійович,Чоловіча,05.06.2000,Спеціаліст,місто Черкаси,"провулок Бродська, буд. 880",+380 37 007 66 52,zabaravolodymyr@example.org
Дергач,Орхип,Степанович,Чоловіча,25.08.1945,Юрист,місто Макіївка,"парк Високий, буд. 81",+380 (00) 922-07-86,viraovsiienko@example.org
Щириця,Стефан,Андрійович,Чоловіча,28.10.1966,Дизайнер,селище Пирятин,"провулок Юннатів 1-й, буд. 557",085 663-41-65,okadeniuk@example.org
Джус,Пріска,Іванівна,Жіноча,16.11.2001,HR-менеджер,село Златопіль,"сквер Маячний, буд. 9 кв. 84",+380 97 027 63 04,feofandavymuka@example.net
Вакуленко,Аврелій,Сергійович,Чоловіча,22.12.1997,Менеджер,місто Острог,"парк Соляний 2-й, буд. 404 кв. 5",531-92-50,shakhraiamaliia@example.org
Ґалаґан,Аркадій,Миколайович,Чоловіча,05.10.1983,Спеціаліст,селище Тиврів,"шосе Андросовський, буд. 31",038 006-18-35,ielysei12@example.com
Овсієнко,Дан,Вікторович,Чоловіча,08.03.1993,Спеціаліст,місто Вознесенськ,"площа Дубова, буд. 9",+380 47 210-35-50,okhrimzaiets@example.org
Рак,Богданна,Олександрівна,Жіноча,10.03.1997,HR-менеджер,хутір Волноваха,"провулок Український 1-й, буд. 473",327 48 31,yvdovychenko@example.net
Вакуленко,Ярослава,Максимівна,Жіноча,19.05.1973,Юрист,село Южне,"проспект Травневий 5-й, буд. 9 кв. 3",+380 23 561-13-89,myroslav79@example.net
Андрощук,Ірина,Богданівна,Жіноча,10.09.1980,Економіст,місто Перевальськ,"вулиця Лютеранський, буд. 444",075 85 32,jzaporozhets@example.org
Ребрик,Соломія,Олегівна,Жіноча,03.05.1969,Маркетолог,хутір Дніпро,"площа Долинська, буд. 331",554 34 89,volodymyra22@example.org
Штокало,Віра,Романівна,Жіноча,13.08.1985,Менеджер,село Благовіщенське,"узвіз Венгера, буд. 353 кв. 631",+380 36 582 74 44,derhachdavyd@example.org
Скоробогатько,Олександр,Вікторович,Чоловіча,28.08.1986,Адміністратор,село Вугледар,"вулиця Польова, буд. 02",021 373-15-68,priskasamoilenko@example.com
Бабʼюк,Руслан,Анатолійович,Чоловіча,09.08.1968,Програміст,село Новодністровськ,"узвіз Маковий, буд. 12 кв. 933",017 240-76-14,orysiashyian@example.org
Гречко,Адам,Сергійович,Чоловіча,19.05.1990,HR-менеджер,селище Ананьїв,"площа узвіз Віталія Блажка, буд. 798",+380 92 696-75-10,hvernydub@example.net
Перебийніс,Оксенія,Михайлівна,Жіноча,23.09.1987,Програміст,місто Буча,"площа Буджацька, буд. 4",+380 (54) 206-71-89,panas47@example.com
Франчук,Софія,Степанівна,Жіноча,31.08.1946,Адміністратор,місто Миронівка,"узвіз Чумацька, буд. 58 кв. 4",+380 59 329-01-21,shovkopliasdavyd@example.com
Даниленко,Богуслава,Іванівна,Жіноча,18.04.1950,Юрист,місто Путивль,"провулок Мукачівський, буд. 098",+380 26 712 90 53,tetianavitruk@example.net
Євтушенко,Юстина,Петрівна,Жіноча,21.10.1948,Бухгалтер,село Шахтарськ,"площа Восьмого березня 1-й, буд. 9",+380 39 777-32-91,myroslav24@example.org
Власюк,Любов,Максимівна,Жіноча,13.06.1964,Координатор,селище Полтава,"площа Танкерна, буд. 817",+380 (43) 423-30-87,bchaban@example.org
Кириленко,Марко,Ігорович,Чоловіча,06.06.1959,Адміністратор,селище Білопілля,"шосе Гіацинтовий, буд. 6",+380 24 712 09 00,chubaisvitlana@example.org
Шинкаренко,Степан,Романович,Чоловіча,10.03.1998,Інженер,село Алупка,"площа Компасний, буд. 058",066 426-33-21,ivakhnii@example.org
Єрошенко,Святослав,Михайлович,Чоловіча,08.12.1975,Дизайнер,місто Балаклія,"сквер Балтський 4-й, буд. 9",880-79-99,tymofii91@example.com
Чарниш,Віолетта,Богданівна,Жіноча,06.11.1993,Дизайнер,хутір Балта,"парк Географічний, буд. 0",+380 (20) 910-76-09,daryna86@example.com
Рудик,Орест,Максимович,Чоловіча,31.12.1956,Спеціаліст,місто Балаклія,"узвіз Училищна, буд. 696 кв. 877",+380 29 613 70 66,ehavrylyshyn@example.org
Пелех,Анастасія,Анатоліївна,Жіноча,01.06.2005,Менеджер,село Кам'янка-Бузька,"набережна Дмитра Іванова, буд. 369",+380 94 180 34 57,spas44@example.com
Мірошниченко,Емілія,Петрівна,Жіноча,10.12.2002,Юрист,село Снігурівка,"шосе Регенсбург, буд. 270",+380 87 321 85 96,ada39@example.com
Гуцуляк,Володимир,Іванович,Чоловіча,24.09.1954,Економіст,село Скалат,"шосе Авіаторів, буд. 17 кв. 96",240 94 88,orobetsorysia@example.org
Левченко,Владислав,Сергійович,Чоловіча,21.06.1956,Інженер,село Антрацит,"вулиця Черешнева, буд. 1 кв. 44",809 20 82,parmen70@example.org
Даценко,Єлисей,Володимирович,Чоловіча,21.03.1977,Спеціаліст,селище Куп'янськ,"узвіз Ашгабатська, буд. 3 кв. 42",091 953 60 73,avashchenko@example.net
Колісниченко,Олег,Григорович,Чоловіча,15.03.1976,Аналітик,місто Синельникове,"проспект Павла Вірського, буд. 23",+380 66 365-58-53,iefymenkoiosyp@example.com
Аронець,Марія,Володимирівна,Жіноча,24.11.1980,Економіст,село Городище,"парк Басейний 4-й, буд. 5 кв. 735",+380 74 528-59-19,lukiansliusar@example.com
Корсун,Олекса,Степанович,Чоловіча,18.05.1993,Консультант,селище Переяслав,"площа Текстильників, буд. 5 кв. 28",+380 61 629-68-75,makarveres@example.org
Слюсар,Богуслав,Максимович,Чоловіча,07.12.1955,Програміст,селище Ясинувата,"провулок Тінистий, буд. 737",+380 73 481-22-03,liubovfomenko@example.net
Забіла,Ярослав,Максимович,Чоловіча,23.03.1991,Маркетолог,місто Жданівка,"проспект Дмитра Годзенка, буд. 76",+380 77 478-37-20,horobets@example.org
Зінкевич,Владислав,Васильович,Чоловіча,30.07.1985,Юрист,селище Оріхів,"сквер Лїнія 1-ша, буд. 808 кв. 2",204 18 63,klavdiia50@example.com
Рябець,Гордій,Ігорович,Чоловіча,15.05.1980,Менеджер,село Авдіївка,"провулок Олександра Юрженка, буд. 907 кв. 6",+380 78 697-85-20,tsisykostap@example.net
Сагаль,Онисим,Анатолійович,Чоловіча,12.01.1964,Програміст,село Харків,"проспект Колективний, буд. 157 кв. 49",+380 87 424-33-41,stanislav97@example.net
Ярема,Єфрем,Степанович,Чоловіча,04.11.1974,HR-менеджер,місто Тернопіль,"парк Князівська, буд. 8",+380 (10) 573-56-97,zabarnaanita@example.com
Бабиченко,Юстим,Вікторович,Чоловіча,27.09.1993,Юрист,село Приморськ,"узвіз Лінія 47-ма, буд. 331 кв. 959",605 06 30,ykorzh@example.org
Єременко,Алевтин,Анатолійович,Чоловіча,06.10.1961,Дизайнер,хутір Сквира,"набережна Волова, буд. 7 кв. 997",+380 83 741 74 32,geretaoleh@example.org
Симоненко,Соломон,Олегович,Чоловіча,12.02.1973,Керівник відділу,селище Чернігів,"шосе Вишневий, буд. 5",+380 67 383-62-26,vanchenkomaryna@example.net
Рудик,Вікторія,Михайлівна,Жіноча,26.09.1982,Маркетолог,село Снігурівка,"парк Агрономічний, буд. 290",+380 81 010-50-71,symonenkovasyl@example.net
Теличенко,Лариса,Олександрівна,Жіноча,05.06.1967,Маркетолог,хутір Снігурівка,"узвіз Лазурний 6-й, буд. 60",089 696-84-02,zynovii08@example.org
Хмара,Ірина,Максимівна,Жіноча,30.12.1961,Керівник відділу,місто Приморськ,"узвіз Лінія 55-та, буд. 654",+380 74 237-29-62,iarema50@example.org
Нестеренко,Данило,Степанович,Чоловіча,05.07.2009,Юрист,село Бобринець,"набережна Шовкуненка, буд. 7 кв. 25",036 040 81 16,mpavlenko@example.org
Шовкопляс,Аніта,Юріївна,Жіноча,16.10.1998,Маркетолог,хутір Торецьк,"набережна Трудова, буд. 312 кв. 401",281 91 12,iaroslavholoborodko@example.com
Барабаш,Маруся,Іванівна,Жіноча,26.04.1965,Координатор,село Очаків,"вулиця Пироговський, буд. 28 кв. 869",+380 (00) 033-78-14,hsamoilenko@example.com
Демиденко,Устим,Олександрович,Чоловіча,17.08.1939,HR-менеджер,село Петрово-Красносілля,"проспект Біржова, буд. 112",+380 02 043-89-18,vasylyna47@example.net
Сиротенко,Любов,Петрівна,Жіноча,13.05.1977,Спеціаліст,село Галич,"узвіз Бориса Кифоренка, буд. 341",+380 91 587 00 49,amvrosiidanylenko@example.org
Скоробогатько,Ростислав,Григорович,Чоловіча,27.02.1993,Маркетолог,хутір Карлівка,"сквер Нафтовиків, буд. 842",+380 (98) 674-78-24,iakymchukmarko@example.org
Журба,Ілля,Дмитрович,Чоловіча,24.07.1987,Адміністратор,хутір Переяслав,"сквер Аеропортівський 4-й, буд. 602",+380 94 903-45-50,spasbabko@example.com
Вакарчук,Ілля,Вікторович,Чоловіча,05.10.1987,Юрист,село Іллінці,"набережна Агрономічний, буд. 0",+380 71 189 87 58,varvaradubenko@example.com
Бабко,Борис,Андрійович,Чоловіча,20.01.2002,Спеціаліст,селище Устилуг,"вулиця Тиха, буд. 31",578-30-92,nazar81@example.com
Лубенець,Тарас,Олександрович,Чоловіча,04.01.2007,Економіст,село Берестин,"проспект Віри Холодної, буд. 05",182-23-02,ierchenkotymofii@example.com
Усик,Левко,Романович,Чоловіча,21.04.2009,Аналітик,хутір Шумськ,"провулок 1-й Академічний тупик, буд. 802 кв. 7",+380 21 832-65-99,zakharchenkoodarka@example.com
Цимбал,Нестор,Богданович,Чоловіча,30.11.1980,Аналітик,село Козятин,"набережна Скліфосовського, буд. 72 кв. 482",+380 01 154-14-28,iakivartym@example.org
Коваленко,Пантелеймон,Степанович,Чоловіча,07.09.1939,Консультант,хутір Біла Церква,"узвіз Дігтярна, буд. 933",+380 (89) 596-82-68,kpiatachenko@example.com
Авдєєнко,Надія,Петрівна,Жіноча,24.04.1988,Адміністратор,селище Узин,"шосе Морський, буд. 4 кв. 2",029 119-26-69,thaidai@example.net
Девдюк,Антон,Олександрович,Чоловіча,02.08.1998,HR-менеджер,село Волноваха,"провулок Друга, буд. 3",+380 72 258-89-35,ederhach@example.com
Єрченко,Макар,Андрійович,Чоловіча,25.09.1987,Аналітик,селище Кам'янське,"вулиця Шептицького, буд. 9 кв. 5",+380 86 385-32-23,davyd22@example.com
Гавришкевич,Борис,Михайлович,Чоловіча,13.02.1951,Маркетолог,місто Нововолинськ,"сквер Південно-Санаторний, буд. 461 кв. 365",054 896 58 21,xandriienko@example.org
Петренко,Остап,Петрович,Чоловіча,17.11.1997,Маркетолог,місто Овруч,"набережна Шептицького, буд. 280 кв. 0",229-45-92,havryshvarvara@example.net
Ярош,Дан,Дмитрович,Чоловіча,19.04.1990,Бухгалтер,місто Козятин,"сквер Сортувальна 2-га, буд. 63",+380 99 899-19-69,volodymyraieremenko@example.org
Верес,Пилип,Володимирович,Чоловіча,18.04.1939,Адміністратор,місто Кривий Ріг,"проспект Ключовий 1-й, буд. 117",+380 84 697 12 33,heorhiiakymenko@example.com
Овсієнко,Трохим,Іванович,Чоловіча,02.09.2008,Спеціаліст,місто Перечин,"проспект Сортувальна 1-ша, буд. 3",+380 08 534-95-63,bkhrystenko@example.com
Жук,Едита,Богданівна,Жіноча,21.09.2007,Аналітик,місто Золочів,"площа Балтський 4-й, буд. 9",087-38-42,lukiannosachenko@example.org
Козаченко,Соломон,Романович,Чоловіча,03.05.1986,Адміністратор,село Болехів,"провулок Незалежності, буд. 43 кв. 834",344 08 53,shchorsoksana@example.net
Романець,Єва,Богданівна,Жіноча,01.04.1999,Аналітик,село Залізне,"узвіз Оранжерейний, буд. 281 кв. 735",870-20-80,viacheslavandriiovych@example.org
Дзиндра,Семен,Богданович,Чоловіча,13.08.1980,Юрист,селище Ужгород,"вулиця Ігоря Іванова, буд. 254",+380 (18) 426-00-84,wvernydub@example.com
Ковалюк,Данна,Вікторівна,Жіноча,03.05.1980,Економіст,місто Тростянець,"шосе Хутірська, буд. 57",401-60-50,leopold53@example.com
Пилипенко,Віра,Іванівна,Жіноча,21.10.1952,Економіст,селище Кодима,"узвіз Андреєвського, буд. 07",042-22-24,leopoldbevz@example.org
Дубенко,Павло,Дмитрович,Чоловіча,09.01.1940,Інженер,селище Новгород-Сіверський,"шосе Металістів, буд. 57 кв. 9",915-62-65,okseniia00@example.org
Власюк,Людмила,Дмитрівна,Жіноча,20.03.2007,Менеджер,місто Миргород,"узвіз Овідіопольська дуга, буд. 10",+380 (92) 782-43-05,teodor12@example.net
Гайдай,Марта,Сергіївна,Жіноча,24.04.1945,Менеджер,село П'ятихатки,"провулок Сергія Уточкіна, буд. 4",762-67-90,iesypenkobohuslav@example.org
Ващенко,Василь,Володимирович,Чоловіча,04.01.1947,Спеціаліст,місто Горішні Плавні,"парк 7-ма Лінія 6-й ст. Люстдорфської дороги, буд. 381 кв. 587",656 44 43,panteleimonkarpa@example.com
Гаврюшенко,Сергій,Богданович,Чоловіча,06.02.1979,Аналітик,хутір Пологи,"сквер Гіацинтовий, буд. 13",553-37-03,anastasiiaadamchuk@example.org
Лесик,Павло,Юрійович,Чоловіча,21.08.1943,Юрист,селище Алушта,"набережна Горбатий міст, буд. 399 кв. 632",+380 03 824-01-98,bohdan25@example.org
Сагаль,Вікторія,Ігорівна,Жіноча,27.11.1971,Бухгалтер,хутір Узин,"парк Юрія Яновського, буд. 93 кв. 20",010 544 62 42,tetianaivashchenko@example.org
Каденюк,Василь,Степанович,Чоловіча,11.11.1949,Юрист,хутір Рівне,"парк Олексіївська, буд. 247 кв. 3",+380 17 933-20-05,rshchors@example.org
Гайдамака,Амвросій,Дмитрович,Чоловіча,23.08.1981,Координатор,селище Жовква,"провулок Павла Зеленого, буд. 7 кв. 43",090 256 03 95,sviatoslavashynkarenko@example.com
Матвієнко,Віктор,Романович,Чоловіча,01.11.1997,Керівник відділу,місто Василівка,"провулок Пироговський, буд. 649",478-31-38,ehaivoronskyi@example.org
Цісик,Данна,Максимівна,Жіноча,29.12.1951,Маркетолог,селище Білицьке,"шосе Педагогічний, буд. 216 кв. 0",+380 50 944-67-79,lholoborodko@example.org
Гузь,Павло,Григорович,Чоловіча,18.04.1994,Маркетолог,місто Деражня,"площа Ланжеронівська, буд. 298",049 107 49 17,geretaillia@example.com
Павленко,Лукʼян,Васильович,Чоловіча,30.03.2002,Бухгалтер,село Білозерське,"сквер Астрономічний, буд. 387 кв. 1",017 803-44-28,varvara52@example.net
Яременко,Орина,Анатоліївна,Жіноча,30.12.1939,Дизайнер,селище Охтирка,"сквер Миколи Бажана, буд. 583 кв. 30",019 862-21-56,cbabiichuk@example.com
Орлик,Соломія,Петрівна,Жіноча,26.03.1940,Юрист,місто Новодністровськ,"провулок Новоукраїнський, буд. 72 кв. 868",078 330 76 10,sofiiakovalenko@example.org
Акименко,Лариса,Ігорівна,Жіноча,12.03.2002,Адміністратор,село Бердянськ,"проспект Літературна, буд. 349 кв. 465",+380 96 733-92-01,lesbebeshko@example.net
Ємець,Данна,Миколаївна,Жіноча,26.06.1964,HR-менеджер,селище Радивилів,"шосе Текстильників, буд. 94 кв. 5",+380 26 125-59-31,liubovvakarchuk@example.org
Колесниченко,Марина,Сергіївна,Жіноча,20.01.2003,HR-менеджер,село Герца,"шосе Вірського, буд. 42 кв. 470",334 62 01,frankokostiantyn@example.com
Сіробаба,Златослава,Дмитрівна,Жіноча,04.10.1994,Менеджер,хутір Бердянськ,"проспект Південно-Санаторний, буд. 8 кв. 76",015 524 28 80,verkhovynetshalyna@example.com
Башполченко,Макар,Олександрович,Чоловіча,08.06.1974,Адміністратор,село Антрацит,"провулок Жевахова, буд. 9 кв. 87",027 966-51-51,demian75@example.net
Удовенко,Віра,Андріївна,Жіноча,06.05.1978,Координатор,хутір Лисичанськ,"набережна Художника Федорова, буд. 85 кв. 8",538-48-59,omelian68@example.net
Дробʼязко,Святослава,Михайлівна,Жіноча,09.01.2009,Аналітик,село Лебедин,"площа Новий, буд. 5",036 065 83 30,sirchenkohanna@example.net
Смик,Семен,Миколайович,Чоловіча,19.10.1966,Адміністратор,місто Маріуполь,"вулиця Перший Кришталевий, буд. 772 кв. 072",075 129 97 28,tarasartemenko@example.net
Носаченко,Ганна,Дмитрівна,Жіноча,18.08.1980,Юрист,селище Березань,"провулок Мацієвської узвіз, буд. 965",+380 61 826-94-09,azabarnyi@example.org
Андрійович,Йосип,Михайлович,Чоловіча,02.12.1972,Маркетолог,місто Єнакієве,"провулок Крайня, буд. 0 кв. 6",+380 (85) 667-60-36,drozdenkovarfolomii@example.com
Редько,Тетяна,Михайлівна,Жіноча,24.04.1998,Економіст,місто Бобровиця,"шосе Середньофонтанська, буд. 379 кв. 2",+380 05 693-72-42,kozachenkoliza@example.com
Дацюк,Левко,Андрійович,Чоловіча,31.12.1975,Програміст,селище Богодухів,"проспект Планетна, буд. 4",+380 43 793-79-23,korzhalbina@example.net
Смик,Роман,Григорович,Чоловіча,01.11.1997,Координатор,місто Березань,"провулок Нафтовиків 2-й, буд. 0",+380 37 681 12 51,khudobiakoksana@example.com
Карпа,Симон,Максимович,Чоловіча,28.04.2006,Консультант,хутір Алушта,"площа Чорноморський 9-й, буд. 172",+380 67 292-14-60,vertyporokhkyrylo@example.net
Хорішко,Степан,Максимович,Чоловіча,11.06.1997,Маркетолог,селище Голубівка,"набережна Каберне, буд. 85",109 69 47,iarema99@example.com
Гаврюшенко,Веніямин,Миколайович,Чоловіча,12.06.2007,Програміст,хутір Сімферополь,"провулок Чорноморський 8-й, буд. 54",+380 87 073 77 17,ychornovil@example.com
Салій,Павло,Степанович,Чоловіча,13.06.1989,Бухгалтер,село Узин,"парк 5-та Лінія Марії Демченко, буд. 96",018 04 95,vadym01@example.net
Луценко,Марія,Дмитрівна,Жіноча,08.01.1951,Юрист,село Шахтарськ,"парк Деревообробний 4-й, буд. 36 кв. 508",048 50 00,jsemenchenko@example.net
Шутько,Валентин,Богданович,Чоловіча,17.07.1991,Керівник відділу,селище Вижниця,"сквер Зоряна, буд. 664 кв. 660",088 464 06 23,iefymenkoielysei@example.org
Василашко,Володимир,Сергійович,Чоловіча,12.07.1942,Консультант,село Татарбунари,"узвіз Ірини Жиленко, буд. 81 кв. 11",895 79 24,andrii22@example.com
Скопенко,Анжела,Петрівна,Жіноча,26.08.2003,Бухгалтер,місто Алупка,"площа Будівельна, буд. 06 кв. 09",814-85-53,ievhenchupryna@example.net
Пушкар,Ростислав,Ігорович,Чоловіча,17.06.1969,Програміст,місто Іловайськ,"парк Книжковий, буд. 92 кв. 558",245-32-72,volodymyrateslenko@example.com
Яремчук,Анжела,Володимирівна,Жіноча,28.03.1944,Аналітик,селище Алупка,"провулок Матюшенка, буд. 169 кв. 5",689 83 10,vbabychenko@example.net
Андрійчук,Болеслав,Володимирович,Чоловіча,16.11.1939,Юрист,селище Хуст,"сквер Косовська, буд. 97 кв. 514",+380 74 515-58-72,semenchenkohlib@example.net
Байдак,Орина,Петрівна,Жіноча,08.03.2002,Спеціаліст,селище Київ,"шосе Старосінна, буд. 060",286-55-22,iatsenkoivan@example.org
Дутка,Вікторія,Миколаївна,Жіноча,12.12.1975,Адміністратор,селище Добропілля,"вулиця Новопланівська, буд. 37 кв. 78",098 523-83-25,alla74@example.org
Лесик,Кирило,Іванович,Чоловіча,21.08.1949,Аналітик,селище Камінь-Каширський,"узвіз Розкидайлівська, буд. 779 кв. 8",+380 48 996 19 65,efareniuk@example.org
Ващук,Борис,Юрійович,Чоловіча,12.09.1951,Маркетолог,село Рава-Руська,"набережна Кленова, буд. 972 кв. 45",938-02-16,zlatoslavatymchuk@example.com
Юрчук,Азар,Андрійович,Чоловіча,19.07.1941,Економіст,хутір Соснівка,"парк Житомирський 3-й, буд. 583",+380 61 669-29-28,azar49@example.net
Дейнека,Стефан,Богданович,Чоловіча,26.11.1939,Спеціаліст,село Бахмач,"набережна Тетяни Тесс, буд. 383 кв. 9",+380 62 338-94-00,ovasylashko@example.com
Дашенко,Демид,Михайлович,Чоловіча,10.09.1983,Консультант,місто Почаїв,"сквер Волинський, буд. 6 кв. 33",040 066 01 31,jisaienko@example.net
Товстоліс,Ярослава,Романівна,Жіноча,10.01.1950,HR-менеджер,селище Старий Крим,"узвіз Новощіпний ряд, буд. 94",+380 56 696-02-96,mazeparostyslav@example.com
Юрченко,Єлисавета,Миколаївна,Жіноча,02.11.1942,Менеджер,селище Луцьк,"вулиця Майстерний, буд. 120 кв. 758",007 759-72-41,darynababiichuk@example.com
Лукаш,Миколай,Іванович,Чоловіча,19.03.1952,Консультант,селище Голубівка,"проспект Миколи Костомарова, буд. 356 кв. 95",+380 75 992 02 28,gtereshchenko@example.com
Чумаченко,Пріска,Дмитрівна,Жіноча,25.07.1994,Програміст,місто Скадовськ,"парк Бориса Дерев'янка, буд. 6 кв. 5",+380 (86) 697-69-17,lbabiak@example.com
Базавлученко,Лесь,Степанович,Чоловіча,29.07.1965,Програміст,хутір Щастя,"площа Сільська, буд. 07",+380 17 099 58 66,serhiiiaremkiv@example.org
Литвиненко,Аарон,Романович,Чоловіча,10.12.1995,Аналітик,хутір Алмазна,"сквер Банний, буд. 9 кв. 3",708 30 36,ivan29@example.org
Самойленко,Лариса,Андріївна,Жіноча,20.10.1958,Маркетолог,селище Нововолинськ,"провулок Конструкторський, буд. 373 кв. 8",053 842 71 87,moskaledyta@example.net
Андрейко,Азар,Вікторович,Чоловіча,03.07.1972,Консультант,селище Вашківці,"площа Торгова, буд. 65",+380 20 432 48 33,solomiia29@example.net
Ващенко,Ярина,Іванівна,Жіноча,31.03.1977,Координатор,село Новгород-Сіверський,"сквер Лиманна, буд. 623 кв. 84",+380 (02) 172-23-95,shelestmarko@example.com
Овчаренко,Руслан,Ігорович,Чоловіча,16.06.1991,Бухгалтер,місто Енергодар,"сквер Олександра Ройтбурда, буд. 54 кв. 999",+380 (08) 315-40-35,les87@example.net
Євдокименко,Августин,Григорович,Чоловіча,26.05.2007,Адміністратор,місто Часів Яр,"шосе Іванова Ігоря, буд. 7",076 355-88-51,vasylynasemenchenko@example.net
Заєць,Тетяна,Петрівна,Жіноча,30.06.1971,HR-менеджер,місто Вовчанськ,"парк Скидановський узвіз, буд. 0",680-24-71,baranykvalentyn@example.net
Баклан,Амалія,Михайлівна,Жіноча,21.01.1969,Інженер,хутір Фастів,"парк Грузовий, буд. 465",+380 39 468-67-91,xtsisyk@example.com
Рубан,Єлисавета,Романівна,Жіноча,09.03.1972,Бухгалтер,місто Міусинськ,"вулиця Ширяївський, буд. 587 кв. 690",919-18-41,ydevdiuk@example.com
Чміль,Лесь,Сергійович,Чоловіча,31.10.2006,Менеджер,селище Обухів,"набережна Травневий 2-й, буд. 789",718 34 23,fholoborodko@example.org
Жарко,Одарка,Дмитрівна,Жіноча,27.10.1984,Консультант,хутір Вишневе,"шосе Єврейська, буд. 18",+380 64 510-51-56,xshcherban@example.com
Жадан,Анастасія,Олександрівна,Жіноча,24.07.2008,Консультант,селище Остер,"шосе Курортний, буд. 9",+380 (28) 979-00-44,sirobabaadam@example.net
Романенко,Лесь,Максимович,Чоловіча,12.02.1990,Маркетолог,місто Ковель,"узвіз Варненська, буд. 0 кв. 051",+380 30 590-58-21,parmen86@example.net
Артимович,Симон,Петрович,Чоловіча,05.11.2006,Бухгалтер,селище Світлодарськ,"парк Розкидайлівська, буд. 3 кв. 69",+380 99 246-46-95,marynavysochan@example.org
Гаврилець,Климент,Богданович,Чоловіча,03.03.2000,HR-менеджер,село Шепетівка,"набережна Мацієвської узвіз, буд. 8",+380 (59) 808-93-92,ckanivets@example.com
Вергун,Гордій,Ігорович,Чоловіча,11.04.1987,Менеджер,хутір Покровськ,"площа Безіменний, буд. 77 кв. 50",855 79 56,adam66@example.com
Верес,Назар,Анатолійович,Чоловіча,04.09.1958,Адміністратор,село Лозова,"шосе Абрикосова, буд. 3 кв. 6",312-14-55,anzhelaostapchuk@example.net
Свистун,Амвросій,Петрович,Чоловіча,24.02.1998,Бухгалтер,селище Подільськ,"парк Андрія Гулого-Гуленка, буд. 709",071 687 05 77,feofan51@example.com
Демʼянюк,Ірина,Степанівна,Жіноча,01.08.1981,Керівник відділу,хутір Ізмаїл,"вулиця Харківська, буд. 888 кв. 5",+380 (56) 826-05-41,cprokopovych@example.net
Ільченко,Єфрем,Степанович,Чоловіча,03.03.1995,Керівник відділу,місто Ірміно,"набережна Долинська, буд. 09",+380 13 558-04-61,iaremaverhun@example.net
Бабиченко,Ада,Юріївна,Жіноча,11.08.1986,Керівник відділу,місто Харків,"провулок Кільовий, буд. 203 кв. 76",074 987 80 21,mfurs@example.com
Михайлюк,Віталій,Юрійович,Чоловіча,01.05.1981,Аналітик,хутір Старобільськ,"шосе Вертелецького, буд. 0 кв. 61",+380 78 683-77-80,alina54@example.net
Даньків,Надія,Василівна,Жіноча,23.04.1956,Менеджер,хутір Теплодар,"проспект Соляний 2-й, буд. 5",+380 01 565-00-87,mishchenkostepan@example.com
Юрчишин,Вікторія,Василівна,Жіноча,09.09.1939,Інженер,місто Радивилів,"проспект Чигиринська, буд. 8 кв. 767",+380 12 333-50-71,nataliiakorolenko@example.org
Нестеренко,Ігор,Олександрович,Чоловіча,20.05.2001,Маркетолог,село Зугрес,"сквер Побратимів, буд. 424",+380 65 790-51-59,hermanriabets@example.com
Парасюк,Софія,Петрівна,Жіноча,12.05.1940,Програміст,селище Корсунь-Шевченківський,"проспект Черкаська, буд. 205",+380 98 252 25 02,antonzhuk@example.com
Дашкевич,Юхим,Вікторович,Чоловіча,27.09.1942,Юрист,село Скадовськ,"парк Дзвінка, буд. 65",+380 82 161 03 24,okseniiashtokalo@example.com
Вертипорох,Лілія,Василівна,Жіноча,09.03.2007,Адміністратор,місто Ірпінь,"проспект Чернівецький, буд. 2 кв. 50",032 762 54 93,martyn76@example.org
Балабан,Тарас,Миколайович,Чоловіча,29.10.1959,Дизайнер,селище Татарбунари,"сквер Волинський, буд. 86",450 04 36,oksana86@example.net
Зубко,Давид,Юрійович,Чоловіча,10.11.1973,HR-менеджер,місто Енергодар,"узвіз Левкоєва, буд. 343",069 811 88 06,numanets@example.net
Аронець,Людмила,Степанівна,Жіноча,20.02.1939,Координатор,селище Хмільник,"сквер Задніпровського, буд. 93 кв. 14",786-55-21,mykolai75@example.org
Лесик,Онисим,Анатолійович,Чоловіча,14.04.1954,Координатор,село Таврійськ,"сквер Селищна, буд. 0 кв. 4",+380 76 553 30 34,nataliia17@example.com
Устенко,Олесь,Володимирович,Чоловіча,28.11.1996,Економіст,місто Острог,"сквер Картамишевська, буд. 971",+380 (85) 035-44-84,solomiiaovcharenko@example.net
Малишко,Назар,Васильович,Чоловіча,16.12.1987,HR-менеджер,хутір Багачеве,"проспект Задніпровського, буд. 168",004 008 97 02,lukianlupii@example.net
Рябошапка,Едита,Олегівна,Жіноча,03.12.1965,Спеціаліст,село Буринь,"шосе Виноградна 2-га, буд. 40",081 452 36 47,dzhusdan@example.org
Дуплій,Орхип,Олегович,Чоловіча,20.01.1982,Керівник відділу,селище Свалява,"площа тупик Хвиля, буд. 155",+380 (11) 943-47-96,stefan58@example.org
Конопля,Давид,Вікторович,Чоловіча,21.08.1988,Інженер,місто Тульчин,"сквер Варненська, буд. 53 кв. 87",+380 61 024-01-58,qaverchenko@example.com
Нестайко,Віолетта,Дмитрівна,Жіноча,20.08.1949,Аналітик,село Перещепине,"узвіз Колонтаївська, буд. 58 кв. 933",+380 (88) 493-11-50,goliashtetiana@example.net
Тимчук,Роман,Максимович,Чоловіча,10.11.2002,Керівник відділу,хутір Гуляйполе,"вулиця Дідріхсона, буд. 2",447 89 73,ruslanskoryk@example.net
Тесленко,Ольга,Анатоліївна,Жіноча,08.12.1992,HR-менеджер,місто Донецьк,"набережна Лиманчик 2-й Лінія 8-ма, буд. 126",023-34-99,nataliiaasaula@example.org
Оніщук,Назар,Богданович,Чоловіча,29.10.1945,Дизайнер,селище Багачеве,"узвіз Литавровий, буд. 1 кв. 79",+380 (85) 227-31-19,nivashchenko@example.net
Колесниченко,Ігнат,Анатолійович,Чоловіча,08.12.1962,Координатор,село Сніжне,"площа Давида Бурлюка, буд. 7",+380 74 003 70 45,mykhailynahaidamaka@example.com
Штокало,Августин,Васильович,Чоловіча,28.09.2006,Керівник відділу,хутір Ржищів,"набережна Церковна, буд. 27 кв. 57",072 014 46 24,oleksa36@example.net
Онищенко,Віктор,Ігорович,Чоловіча,24.12.1998,Консультант,хутір Золочів,"вулиця Балтський 1-й, буд. 43",+380 31 324-62-87,shavryshkevych@example.org
Абрагамовська,Богданна,Романівна,Жіноча,10.09.1958,Аналітик,місто Маріуполь,"проспект Слави, буд. 780 кв. 7",799-07-73,leonidtsymbaliuk@example.org
Артюшенко,Євген,Романович,Чоловіча,12.12.1962,Керівник відділу,селище Балаклія,"площа Сімферопольська, буд. 31 кв. 55",+380 94 455-49-89,prytulamykyta@example.net
Гайденко,Одарка,Олександрівна,Жіноча,22.09.1975,Менеджер,село Липовець,"парк Сумський, буд. 8",090 503-14-95,huziiieva@example.com
Ковпак,Герман,Іванович,Чоловіча,28.06.1945,Керівник відділу,місто Миколаїв,"сквер Михайла Божія, буд. 7 кв. 5",784 21 53,chervonenkostanislav@example.org
Микитюк,Розалія,Сергіївна,Жіноча,02.05.1967,Керівник відділу,село Ровеньки,"узвіз Павла Клепацького, буд. 950 кв. 7",085-42-30,havrylo27@example.com
Дашенко,Христина,Степанівна,Жіноча,10.02.2002,Менеджер,місто Чуднів,"вулиця Республіканська, буд. 947 кв. 413",+380 30 737-85-64,iefremhavryliuk@example.net
Хоменко,Гаврило,Богданович,Чоловіча,21.07.1944,Програміст,село Остер,"узвіз Кругова, буд. 4",+380 33 742-40-72,androshchukarsen@example.net
Лукаш,Дан,Сергійович,Чоловіча,21.09.1998,Інженер,хутір Тячів,"парк Віри Холодної, буд. 3 кв. 842",750 43 67,liudmyla22@example.net
Луценко,Аврелій,Володимирович,Чоловіча,15.04.2004,Дизайнер,село Шепетівка,"шосе Лінія 24-та, буд. 097",+380 37 618-19-54,oksanaatamaniuk@example.com
Коваленко,Павло,Григорович,Чоловіча,13.06.2008,Адміністратор,селище Лубни,"проспект Михайла Слабченка, буд. 84",765 42 61,iukhym28@example.com
Чередник,Ярина,Андріївна,Жіноча,29.08.1997,Бухгалтер,хутір Кипуче,"проспект Миколи Савича, буд. 411",+380 (59) 647-62-36,fkolodub@example.org
Сич,Людмила,Володимирівна,Жіноча,08.01.1957,Маркетолог,селище Мена,"площа Лиманчик 2-й Лінія 8-ма, буд. 37 кв. 785",+380 (70) 149-41-44,adaverhun@example.net
Гупало,Данна,Михайлівна,Жіноча,17.11.1981,Консультант,селище Вуглегірськ,"узвіз Вишнева, буд. 78 кв. 643",097 873-42-95,usirobaba@example.org
Вдовиченко,Охрім,Романович,Чоловіча,02.04.1972,Інженер,село Гадяч,"проспект Лиманчик 2-й Лінія 8-ма, буд. 9",+380 43 742-33-77,artiushenkoliudmyla@example.org
Малик,Спас,Іванович,Чоловіча,05.09.1994,Бухгалтер,хутір Лебедин,"шосе Ігоря Бедзая, буд. 08",000 584 90 04,emiliia59@example.com
Козак,Віталій,Андрійович,Чоловіча,21.10.1985,Економіст,місто Благовіщенське,"вулиця Яна Длугоша, буд. 24 кв. 04",+380 31 572-51-13,hvernyhora@example.com
Лубенець,Мілена,Дмитрівна,Жіноча,26.02.1984,Юрист,місто Умань,"шосе Просвіти, буд. 2",049 047-30-16,dan78@example.com
Бабиченко,Устим,Сергійович,Чоловіча,03.08.1955,Економіст,місто Кілія,"парк Мала Садова, буд. 158",+380 74 886 29 49,zatulaalbert@example.com
Каденюк,Борис,Васильович,Чоловіча,27.06.1985,Консультант,селище Білозерське,"шосе Лютнева, буд. 28",099 307-16-89,halynababych@example.net
Цюцюра,Онисим,Григорович,Чоловіча,13.11.1977,Інженер,село Кобеляки,"набережна Олександра Білостінного, буд. 308",+380 42 090-25-17,olesavramenko@example.com
Романчук,Альберт,Богданович,Чоловіча,26.09.1956,Координатор,селище Зборів,"сквер Олешківська, буд. 6 кв. 1",018 604 81 30,mykytiukvadym@example.org
Шутько,Гаврило,Ігорович,Чоловіча,19.12.1997,Спеціаліст,селище Суми,"набережна Стеценко, буд. 5 кв. 9",+380 (49) 222-60-55,vakulenkozlatoslava@example.net
Пустовіт,Едита,Ігорівна,Жіноча,29.12.1946,Юрист,село Нова Каховка,"вулиця Павлова, буд. 7",047 436 08 07,usaienko@example.com
Лазаренко,Любов,Сергіївна,Жіноча,15.08.1973,Керівник відділу,село Хирів,"площа Ямчитського, буд. 653 кв. 6",+380 (93) 427-02-85,mykhailoprokopovych@example.com
Аронець,Богуслав,Олегович,Чоловіча,15.10.1945,Спеціаліст,селище Таврійськ,"узвіз Керченський 1-й, буд. 66 кв. 372",+380 69 350-55-31,valentyn83@example.com
Стець,Алла,Анатоліївна,Жіноча,09.01.1987,Юрист,місто Красноперекопськ,"площа Хаджибейський, буд. 946",521 37 07,trokhym80@example.com
Сіробаба,Алла,Іванівна,Жіноча,24.10.1984,Адміністратор,місто Сокаль,"проспект Леоніда Осики, буд. 18 кв. 1",275 87 76,fomenkospas@example.com
Лазаренко,Федір,Олександрович,Чоловіча,02.12.1990,Інженер,місто Кам'янка-Дніпровська,"сквер Улицька, буд. 885",+380 54 073-47-68,kyrylo59@example.net
Батіг,Світлана,Олександрівна,Жіноча,29.01.1949,Спеціаліст,хутір Шахтарське,"сквер Берегова, буд. 75",955 62 98,ekhorishko@example.org
Джус,Михайло,Юрійович,Чоловіча,03.06.1973,Консультант,місто Чигирин,"шосе Максима Чайки, буд. 0",072 947 28 55,zavramenko@example.org
Батуринець,Ганна,Андріївна,Жіноча,02.07.1988,Програміст,хутір Бахчисарай,"площа Шилова, буд. 364 кв. 7",348 11 62,ztsymbaliuk@example.net
Лисенко,Роксолана,Романівна,Жіноча,02.12.1951,Економіст,хутір Лозова,"вулиця Чайкова, буд. 229",244 95 44,myroslav47@example.com
Короленко,Володимира,Василівна,Жіноча,17.11.1963,Спеціаліст,хутір Старобільськ,"шосе Шухевича Романа, буд. 0",140 89 67,mykhailynaisaienko@example.org
Цибуленко,Галина,Володимирівна,Жіноча,22.09.1967,Менеджер,селище Алупка,"набережна Об'їзна дорога, буд. 459 кв. 772",+380 74 401 24 26,shabliirozaliia@example.net
Влох,Андрій,Олегович,Чоловіча,17.06.1967,Бухгалтер,хутір Ужгород,"парк Добровольців, буд. 181",506-45-87,volodymyr83@example.net
Зінкевич,Єлисавета,Петрівна,Жіноча,16.03.1984,Економіст,хутір Старокостянтинів,"площа Лїнія 1-ша, буд. 14 кв. 987",+380 87 803 53 49,alevtynarkhypenko@example.net
Шелест,Степан,Романович,Чоловіча,07.10.1958,Аналітик,місто Кіцмань,"вулиця Приморський, буд. 601 кв. 73",+380 94 467-89-51,maryna46@example.net
Джус,Марія,Олександрівна,Жіноча,10.10.1962,Дизайнер,хутір Синельникове,"парк Віри Інбер, буд. 4 кв. 31",028 850 04 21,myroslavasaula@example.org
Швачка,Леонтій,Дмитрович,Чоловіча,30.03.2001,Координатор,хутір Олександрія,"площа Березова, буд. 78",+380 (84) 714-92-25,karmaliukiryna@example.com
Рак,Ярослава,Олександрівна,Жіноча,13.09.1979,Менеджер,село Калуш,"площа Старосінна, буд. 64",074 862 47 99,prytularozaliia@example.net
Рубан,Василь,Володимирович,Чоловіча,04.01.1998,Спеціаліст,хутір Донецьк,"провулок Деревообробний 1-й, буд. 762 кв. 3",043 840-58-41,chekaliukvolodymyr@example.org
Скопенко,Ярослава,Сергіївна,Жіноча,23.04.1980,Менеджер,село Дрогобич,"вулиця 1-ша Лінія Марії Демченко, буд. 81",+380 (76) 444-08-93,khoma89@example.org
Червоненко,Павло,Степанович,Чоловіча,16.09.1992,Аналітик,хутір Новодружеськ,"проспект Лютневий 2-й, буд. 257 кв. 87",+380 (38) 990-34-88,arsen68@example.com
Тичина,Лукʼян,Максимович,Чоловіча,23.04.1950,Координатор,місто Кам'янка-Дніпровська,"шосе Фонтанська дорога, буд. 30 кв. 795",386-62-00,bohdan38@example.net
Проценко,Трохим,Анатолійович,Чоловіча,05.11.1973,Економіст,місто Луганськ,"сквер Водопровідний 1-й, буд. 6 кв. 05",+380 93 755-50-99,xlaba@example.org
Базавлученко,Петро,Дмитрович,Чоловіча,30.03.1984,HR-менеджер,хутір Довжанськ,"набережна Мечникова, буд. 3",863 53 90,nazarzabila@example.net
Лукаш,Єфрем,Миколайович,Чоловіча,24.06.1969,Бухгалтер,селище Лиман,"узвіз Волова, буд. 0",+380 63 546-38-90,valentyna06@example.org
Короленко,Володимира,Анатоліївна,Жіноча,06.12.1978,Аналітик,селище Турка,"вулиця Амбулаторний 1-й, буд. 4",+380 51 364-84-94,alina25@example.org
Ільченко,Альбіна,Юріївна,Жіноча,29.09.1997,Бухгалтер,хутір Броди,"сквер Локомотивний 3-й, буд. 433 кв. 485",071 160-93-31,vitrukstepan@example.com
Ващук,Ірена,Дмитрівна,Жіноча,18.07.1996,Бухгалтер,село Хирів,"парк Патріотична, буд. 587 кв. 587",+380 20 154-18-78,bohodarzaporozhets@example.net
Заїка,Данило,Вікторович,Чоловіча,28.05.1941,Спеціаліст,селище Мукачево,"парк Сотника Лугіна, буд. 968",+380 (91) 780-71-76,ydeisun@example.org
Карпенко,Зиновій,Андрійович,Чоловіча,22.03.1981,Програміст,село Лутугине,"проспект Лютневий 2-й, буд. 592 кв. 1",092 319-04-38,tetiana19@example.com
Влох,Наталія,Олександрівна,Жіноча,17.09.1983,Бухгалтер,місто Оріхів,"вулиця Республіканська, буд. 05 кв. 933",+380 23 077-67-74,ielysaveta91@example.net
Абрамчук,Віра,Сергіївна,Жіноча,10.06.1946,Адміністратор,хутір Нова Каховка,"проспект Грузовий, буд. 642",+380 (34) 136-45-71,mzarudna@example.org
Чуйко,Георгій,Володимирович,Чоловіча,18.05.1940,Керівник відділу,хутір Покровськ,"парк Подільська, буд. 799",142-63-85,sofiiapiddubna@example.com
Бакуменко,Леон,Степанович,Чоловіча,07.07.1964,Консультант,хутір Рожище,"провулок Мала, буд. 5 кв. 110",285-66-64,tbaran@example.com
Яремків,Розалія,Максимівна,Жіноча,03.12.1996,Спеціаліст,селище Мукачево,"сквер Прохоровський, буд. 9",+380 29 020-38-02,xhaidamaka@example.com
Доценко,Альберт,Юрійович,Чоловіча,03.10.2000,Бухгалтер,хутір Златопіль,"узвіз 9-та Лінія Дачі Ковалевського, буд. 242",719-88-06,anita44@example.net
Штепа,Одарка,Ігорівна,Жіноча,23.11.1951,HR-менеджер,хутір Кам'янка-Дніпровська,"парк Георгія Гамова, буд. 1",+380 79 802 12 00,snizhanatsiupa@example.org
Жаліло,Марко,Олександрович,Чоловіча,12.01.1990,Програміст,місто Снятин,"узвіз Бузковий 2-й, буд. 7 кв. 95",+380 47 877-34-19,leon78@example.com
Василашко,Гліб,Романович,Чоловіча,04.10.1976,Маркетолог,селище Дніпро,"проспект Шполянська, буд. 650 кв. 74",+380 (06) 522-40-11,trokhymakymenko@example.com
Євтушок,Феофан,Сергійович,Чоловіча,18.01.1945,Інженер,місто Кобеляки,"парк Каркашадзе, буд. 569",435 01 39,makarievdokymenko@example.org
Андрійчук,Віра,Володимирівна,Жіноча,16.08.1968,Адміністратор,хутір Пирятин,"провулок Маршрутна, буд. 01",+380 06 980 23 62,maksym19@example.net
Атаманюк,Анастасія,Василівна,Жіноча,21.11.1983,Аналітик,селище Бахмач,"парк Вокзальний, буд. 0 кв. 3",591-61-09,iereskodan@example.com
Ковалюк,Прохір,Сергійович,Чоловіча,02.04.2004,Бухгалтер,місто Могилів-Подільський,"шосе Проектуєма, буд. 17 кв. 261",+380 97 333-31-10,tymofii32@example.net
Свириденко,Герман,Андрійович,Чоловіча,15.08.2002,Юрист,селище Боярка,"провулок Артилерійський 2-й, буд. 9 кв. 79",+380 02 610-82-59,ehaivoronskyi@example.com
Цибуленко,Алла,Іванівна,Жіноча,02.04.1954,Бухгалтер,місто Любомль,"вулиця 21-й км Старокиївської дороги, буд. 81",+380 95 434-45-55,bairaktereza@example.net
Семенченко,Варвара,Іванівна,Жіноча,03.08.1981,Дизайнер,хутір Петрово-Красносілля,"проспект Стрийський, буд. 7 кв. 6",098 573-22-11,bandurkamakar@example.org
Гаврилюк,Опанас,Петрович,Чоловіча,24.03.1991,Інженер,місто Городня,"сквер Володимира Вінниченка, буд. 2",184-91-88,iaroslavahres@example.com
Шутько,Ярослава,Петрівна,Жіноча,27.03.2009,Бухгалтер,хутір Хмельницький,"набережна Яблунева, буд. 94 кв. 298",044 099 33 90,iustynatymchuk@example.net
Козак,Амвросій,Сергійович,Чоловіча,08.04.2006,Консультант,село Монастириська,"шосе Гвоздичний, буд. 36 кв. 88",948 35 96,ustymhutsuliak@example.net
Баранець,Данило,Анатолійович,Чоловіча,17.12.1951,Юрист,село Красноперекопськ,"площа Горизонтальна, буд. 8",+380 15 878 99 33,zaikaielysei@example.com
Чорновіл,Аарон,Ігорович,Чоловіча,19.05.1958,Адміністратор,селище Вознесенськ,"узвіз Наявний 5-й, буд. 1 кв. 358",+380 89 768-44-66,leontii49@example.org
Скиба,Едита,Ігорівна,Жіноча,01.03.2006,Маркетолог,місто Богодухів,"парк Солонцюватий, буд. 16",+380 39 224-63-81,nazarshvachka@example.com
Тригуб,Павло,Степанович,Чоловіча,14.08.1984,Координатор,хутір Городня,"узвіз Листяна, буд. 781",085 692 23 29,baklanzakhar@example.com
Козак,Богданна,Юріївна,Жіноча,07.07.1983,Дизайнер,село Бунге,"набережна Аеропортівський 3-й, буд. 6 кв. 701",786 73 83,piarosh@example.org
Смик,Пилип,Ігорович,Чоловіча,16.04.1984,Бухгалтер,селище Великі Мости,"вулиця Поперечний, буд. 35 кв. 0",+380 57 953-00-02,olhaiurchyshyn@example.org
Бевзенко,Ада,Олександрівна,Жіноча,08.04.1964,HR-менеджер,хутір Мерефа,"шосе Дунайська, буд. 82",588 59 19,huzenkonazar@example.org
Рябченко,Ігор,Дмитрович,Чоловіча,03.11.1983,Бухгалтер,місто Кремінна,"провулок Дніпровська, буд. 11 кв. 4",+380 02 470 53 65,rostyslavishchak@example.org
Верхола,Сергій,Сергійович,Чоловіча,31.05.1941,Координатор,село Костопіль,"набережна Олексія Косяченко, буд. 12 кв. 534",553-74-94,symon38@example.org
Баклан,Марина,Володимирівна,Жіноча,13.04.1981,Економіст,хутір Кролевець,"узвіз Тещин міст, буд. 149 кв. 85",012 716 58 37,sirkoihor@example.com
Товстуха,Ірена,Вікторівна,Жіноча,06.04.1959,Аналітик,місто Мена,"парк Пішонівська, буд. 1 кв. 8",+380 (69) 492-60-10,leopold11@example.net
Шеремета,Мілена,Юріївна,Жіноча,15.09.1990,Маркетолог,село Часів Яр,"вулиця Гена Іоганна, буд. 46 кв. 81",059 752 20 66,verkholamykyta@example.org
Вишняк,Сніжана,Олегівна,Жіноча,27.08.1985,Аналітик,село Іллінці,"сквер Тепла, буд. 7",581 36 44,iesypenkomaryna@example.net
Устенко,Роман,Михайлович,Чоловіча,05.12.1978,Адміністратор,хутір Сарни,"сквер Бібліотечна, буд. 708 кв. 276",061 756 35 23,ehuk@example.org
Верменич,Артем,Сергійович,Чоловіча,27.04.1992,Інженер,місто Покровськ,"проспект Жасминна, буд. 772",069 093 16 32,hryhoriihunko@example.org
Чайка,Аркадій,Романович,Чоловіча,03.07.1948,Менеджер,селище Коростишів,"сквер Садова, буд. 00 кв. 433",177-23-25,dhuzenko@example.org
Архимович,Мирон,Юрійович,Чоловіча,22.03.1947,Програміст,село Бібрка,"провулок Басейний 6-й, буд. 69 кв. 4",092 798-16-77,lpiatachenko@example.org
Сірченко,Софія,Юріївна,Жіноча,11.08.1951,Консультант,місто Вишгород,"площа Обільна, буд. 83 кв. 95",+380 75 193-84-66,iustyna26@example.net
Романець,Галина,Михайлівна,Жіноча,04.04.1993,Спеціаліст,село Новоазовськ,"вулиця Сірожупанників, буд. 94 кв. 168",+380 96 036-37-81,tetiana70@example.com
Пелех,Наталія,Богданівна,Жіноча,22.03.1950,Економіст,село Кременчук,"площа Селекційна, буд. 26 кв. 626",+380 24 056-89-63,oandreiko@example.net
Скирда,Анжела,Богданівна,Жіноча,21.08.1951,HR-менеджер,село Горішні Плавні,"проспект Лучиста, буд. 85 кв. 89",090 56 58,vermenychsolomon@example.net
Бебешко,Ігнат,Володимирович,Чоловіча,15.05.1943,Спеціаліст,селище Сколе,"вулиця Мирослава Скорика, буд. 814 кв. 213",863 48 81,zgoliash@example.net
Бабич,Данна,Петрівна,Жіноча,13.06.1993,Програміст,хутір Херсон,"парк 2-га Лінія 6-й ст. Люстдорфської дороги, буд. 53",+380 08 704-49-97,pzakharenko@example.org
Корпанюк,Азар,Степанович,Чоловіча,28.12.2002,Спеціаліст,хутір Черкаси,"шосе Яші Гордієнка, буд. 6",116 80 58,semen71@example.com
Дзиндра,Гордій,Олегович,Чоловіча,10.12.1983,Дизайнер,село Шаргород,"вулиця Естонський, буд. 1 кв. 23",057 217 76 34,hordii78@example.org
Медведенко,Назар,Сергійович,Чоловіча,05.07.2002,Аналітик,місто Мирноград,"площа Амундсена, 2-й, буд. 4 кв. 6",+380 39 847-48-41,pshvedchenko@example.com
Іваничук,Зиновій,Володимирович,Чоловіча,18.02.1948,Менеджер,місто Світлодарськ,"вулиця Лазурний 1-й, буд. 25",338-46-99,vovkrozaliia@example.org
Габелко,Анастасія,Анатоліївна,Жіноча,19.09.1967,Спеціаліст,місто Верхньодніпровськ,"площа Партизанська, буд. 3 кв. 523",+380 24 714-58-63,kzubko@example.net
Андрійович,Галина,Вікторівна,Жіноча,30.03.2003,Менеджер,хутір Теплодар,"провулок 15-та Лінія 6-й ст. Люстдорфської дороги, буд. 60 кв. 71",490-74-64,jkarpa@example.org
Яремчук,Едуард,Володимирович,Чоловіча,30.03.1987,Керівник відділу,село Вишгород,"набережна Лінія 38-ма, буд. 11",+380 (51) 120-21-58,drobiazkoiakiv@example.net
Петренко,Анжела,Степанівна,Жіноча,05.11.1947,Інженер,місто Олександрівськ,"парк Тіниста, буд. 79",+380 10 902-89-36,lumanets@example.com
Худяк,Павло,Сергійович,Чоловіча,04.04.1964,Координатор,хутір Буськ,"провулок Болгарська, буд. 2",637-20-82,okhrimenkoklyment@example.com
Тиха,Світлана,Андріївна,Жіноча,30.07.1964,Координатор,селище Бунге,"узвіз Каштанова, буд. 75",+380 59 274-41-33,uhavryliv@example.org
Шморгун,Андрій,Романович,Чоловіча,24.03.1949,Економіст,село Старокостянтинів,"проспект Ізмаїльська, буд. 43",473-18-73,vitalii99@example.net
Бабій,Спас,Васильович,Чоловіча,30.08.1968,Адміністратор,хутір Могилів-Подільський,"набережна Велика Арнаутська, буд. 402 кв. 0",032 253 25 76,lderevianko@example.net
Андрощук,Стефан,Юрійович,Чоловіча,09.03.1942,Консультант,село Берестечко,"парк Дорожня, буд. 757 кв. 9",+380 38 228-78-15,itereshchenko@example.org
Хмара,Ірена,Василівна,Жіноча,28.11.1957,Маркетолог,село Перещепине,"сквер Щоголєва, буд. 549",+380 74 023 03 08,avhustyn92@example.org
Копитко,Ірина,Олександрівна,Жіноча,23.03.1946,HR-менеджер,місто Жидачів,"парк Сотника Лугіна, буд. 42",284-75-41,iurchyshynadaryna@example.org
Балабан,Остап,Юрійович,Чоловіча,03.01.1950,Координатор,хутір Бобринець,"площа Миколи Костомарова, буд. 9",627-47-54,valeksiichuk@example.net
Цибуленко,Леонтій,Іванович,Чоловіча,24.10.1944,Дизайнер,місто Горішні Плавні,"вулиця Олександра Болдирєва, буд. 530",+380 55 861 78 67,udevdiuk@example.net
Єщенко,Антон,Вікторович,Чоловіча,18.04.1953,Інженер,хутір Боково-Хрустальне,"набережна Пляжна, буд. 0",+380 66 532-58-10,petromykytiuk@example.net
Міщенко,Прохір,Олександрович,Чоловіча,04.06.1982,Інженер,селище Чистякове,"узвіз Соні Делоне, буд. 5",181 49 37,qkovpak@example.net
Вівчаренко,Леопольд,Олександрович,Чоловіча,17.01.1949,Програміст,місто Борислав,"шосе 14-та ст. Великого Фонтану пляж, буд. 431 кв. 2",036 023-71-78,vitalii31@example.com
Забарна,Віра,Василівна,Жіноча,13.01.2004,Керівник відділу,місто Сватове,"шосе Чорноморський 5-й, буд. 2",+380 93 852 04 33,vasylynavdovenko@example.com
Шелест,Франц,Олександрович,Чоловіча,27.05.2000,Програміст,село Вишгород,"парк Деревообробний 4-й, буд. 16 кв. 85",008 628-36-91,wnalyvaiko@example.com
Юрчук,Юстим,Миколайович,Чоловіча,28.07.1988,Консультант,хутір Підгайці,"набережна Гобеленова, буд. 993",+380 (18) 187-77-12,mgzhytskyi@example.org
Жарко,Варвара,Олександрівна,Жіноча,18.10.1950,Інженер,селище Долинська,"шосе Чорноморський 11-й, буд. 189",+380 (09) 413-03-90,bohodarshamrai@example.com
Голобородько,Гаврило,Григорович,Чоловіча,05.05.1994,Керівник відділу,місто Вугледар,"сквер Ювілейний 1-й, буд. 528",303-17-70,roman01@example.com
Байрак,Пармен,Володимирович,Чоловіча,28.12.1959,Бухгалтер,село Канів,"узвіз Зелена гірка, буд. 841",+380 46 705 28 87,xpetliura@example.org
Зінчук,Дан,Михайлович,Чоловіча,05.03.1993,Керівник відділу,село Куп'янськ,"вулиця 9-та Лінія Дачі Ковалевського, буд. 5",085 682-96-72,gavramenko@example.net
Гаврилів,Надія,Богданівна,Жіноча,14.11.1983,Маркетолог,місто Черкаси,"вулиця Липнева, буд. 96",+380 48 044 84 82,hsamoilenko@example.org
Стельмах,Лесь,Сергійович,Чоловіча,14.04.1959,Інженер,село Білогірськ,"узвіз Чернігівська, буд. 7",520-79-58,teodorudovenko@example.com
Андрійчук,Аарон,Дмитрович,Чоловіча,22.08.1953,Аналітик,селище Гадяч,"сквер Флотська, буд. 65 кв. 45",+380 47 898-91-10,arsenlavrenko@example.org
Дробаха,Дмитро,Ігорович,Чоловіча,08.05.1959,Менеджер,село Покров,"вулиця Кавказька, буд. 4",068 158 19 05,demianiukhryhorii@example.net
Рева,Богуслава,Михайлівна,Жіноча,05.01.1960,Адміністратор,селище Покровськ,"вулиця Ізмаїльська, буд. 0 кв. 21",+380 69 898 93 61,bohuslav60@example.net
Харченко,Пантелеймон,Максимович,Чоловіча,05.03.1995,Бухгалтер,селище Городок,"проспект Весела, буд. 9 кв. 53",128 95 49,gmakarenko@example.org
Саєнко,Дан,Сергійович,Чоловіча,11.04.1980,Інженер,село Рогатин,"набережна Композитора Вербицького, буд. 96 кв. 89",338 10 89,klymentkomar@example.com
Салій,Вікторія,Володимирівна,Жіноча,24.10.1959,Інженер,село Житомир,"вулиця Студентський 3-й, буд. 708",+380 02 077-59-85,okseniiapoltavets@example.net
Затовканюк,Златослава,Богданівна,Жіноча,28.10.1946,Економіст,селище Новий Буг,"узвіз Базарна, буд. 9 кв. 0",003 670 39 41,iarema92@example.org
Дахно,Богуслава,Олександрівна,Жіноча,29.09.1975,Спеціаліст,місто Сколе,"вулиця Бондарна, буд. 96 кв. 329",044 405-55-38,ielysavetaprytula@example.org
Зарудний,Остап,Григорович,Чоловіча,30.12.1975,Керівник відділу,село Боярка,"провулок Докова, буд. 49 кв. 6",+380 44 965-55-62,tymofiiadamchuk@example.net
